Fiyat,Kullanım Amaç,Ekran Boyutu,Ekran Çözünürlüğü,Ekran Hızı,RAM,SSD Kapasitesi,USB 3.0 Adet,USB-C Adet,HDMI Var mı,Pil Gücü,Pil Hücre Sayısı,FreeDOS,Windows,macOS,AMD,Apple,Intel,AMD Ryzen 5,AMD Ryzen 7,Apple M2 Max,Intel Core i5,Intel Core i7,Intel Core i9,Intel Xeon W
134999.0,1,17.0,4096000.0,240,64,2048.0,2,3,0,99.0,4.0,0,1,0,0,0,1,0,0,0,0,0,1,0
138999.0,1,17.0,4096000.0,240,64,2048.0,2,3,0,99.0,4.0,1,0,0,0,0,1,0,0,0,0,0,1,0
128186.26,1,17.0,4096000.0,240,32,2048.0,2,3,0,90.0,4.0,0,1,0,0,0,1,0,0,0,0,0,1,0
173279.0,1,17.3,8294400.0,144,64,4096.0,3,2,0,99.0,4.0,0,1,0,0,0,1,0,0,0,0,0,1,0
148499.01,1,18.0,4096000.0,240,32,2048.0,2,2,0,90.0,4.0,0,1,0,0,0,1,0,0,0,0,0,1,0
106899.0,1,16.0,3686400.0,165,64,2048.0,3,1,0,64.0,4.0,1,0,0,0,0,1,0,0,0,0,0,1,0
125999.0,1,17.0,4096000.0,240,32,1024.0,2,3,0,99.0,4.0,0,1,0,0,0,1,0,0,0,0,0,1,0
120999.0,1,18.0,4096000.0,240,32,2048.0,2,2,0,90.0,4.0,1,0,0,0,0,1,0,0,0,0,0,1,0
124499.0,1,17.3,3686400.0,240,32,2048.0,3,1,0,83.0,6.0,0,1,0,0,0,1,0,0,0,0,0,1,0
95597.67,1,17.3,3686400.0,240,64,2048.0,2,2,0,90.0,4.0,1,0,0,1,0,0,0,0,0,0,0,0,0
113999.0,0,17.0,4096000.0,165,64,2048.0,1,2,0,90.0,4.0,0,1,0,0,0,1,0,0,0,0,0,1,0
128899.0,1,17.0,4096000.0,240,32,1024.0,2,3,0,99.0,4.0,1,0,0,0,0,1,0,0,0,0,0,1,0
102334.02,1,17.3,3686400.0,240,32,2048.0,3,1,0,83.0,6.0,1,0,0,0,0,1,0,0,0,0,0,1,0
91108.0,1,16.0,4096000.0,240,32,1024.0,2,3,0,90.0,4.0,0,1,0,0,0,1,0,0,0,0,0,1,0
93968.21,1,17.3,3686400.0,240,64,1024.0,2,2,0,90.0,4.0,1,0,0,1,0,0,0,0,0,0,0,0,0
81389.0,1,17.0,4096000.0,240,32,2048.0,2,3,0,90.0,4.0,0,1,0,0,0,1,0,0,0,0,0,1,0
97776.51,1,17.3,3686400.0,240,64,1024.0,2,2,0,90.0,4.0,0,1,0,1,0,0,0,0,0,0,0,0,0
153647.5,1,17.3,3686400.0,240,64,4096.0,3,1,0,83.0,6.0,0,1,0,0,0,1,0,0,0,0,0,1,0
149767.49,1,17.3,3686400.0,240,64,4096.0,3,1,0,83.0,6.0,0,1,0,0,0,1,0,0,0,0,0,1,0
134999.0,1,16.0,4096000.0,240,32,1024.0,4,2,0,99.9,4.0,0,1,0,0,0,1,0,0,0,0,0,1,0
149282.5,1,17.3,3686400.0,240,64,2048.0,3,1,0,83.0,6.0,0,1,0,0,0,1,0,0,0,0,0,1,0
105199.0,1,16.0,3686400.0,165,64,1024.0,3,1,0,64.0,4.0,1,0,0,0,0,1,0,0,0,0,0,1,0
87499.0,1,16.0,4096000.0,240,32,1024.0,2,3,0,90.0,4.0,1,0,0,0,0,1,0,0,0,0,0,1,0
132956.0,0,17.0,4096000.0,165,64,2048.0,1,2,0,90.0,4.0,0,1,0,0,0,1,0,0,0,0,0,1,0
89999.0,1,18.0,4096000.0,240,32,1024.0,2,2,0,90.0,4.0,0,1,0,0,0,1,0,0,0,0,0,1,0
105852.0,1,16.0,4096000.0,240,32,1024.0,2,2,0,90.0,4.0,0,1,0,0,0,1,0,0,0,0,0,1,0
94999.0,1,17.0,4096000.0,240,64,2048.0,2,3,0,99.0,4.0,0,1,0,0,0,1,0,0,0,0,0,1,0
145887.5,1,17.3,3686400.0,240,64,4096.0,3,1,0,83.0,6.0,1,0,0,0,0,1,0,0,0,0,0,1,0
94281.0,1,18.0,4096000.0,240,64,1024.0,2,2,0,90.0,4.0,0,1,0,0,0,1,0,0,0,0,0,1,0
144999.0,1,18.0,4096000.0,240,16,2048.0,2,2,0,90.0,4.0,0,1,0,0,0,1,0,0,0,0,0,1,0
92497.03,1,17.3,3686400.0,240,32,2048.0,2,2,0,90.0,4.0,1,0,0,1,0,0,0,0,0,0,0,0,0
193859.33,0,16.0,4096000.0,165,128,2048.0,2,3,0,94.0,4.0,0,1,0,0,0,1,0,0,0,0,0,1,0
109825.25,1,16.0,4096000.0,240,64,2048.0,2,2,0,90.0,4.0,1,0,0,0,0,1,0,0,0,0,0,1,0
141716.5,1,17.3,3686400.0,240,64,2048.0,3,1,0,83.0,6.0,1,0,0,0,0,1,0,0,0,0,0,1,0
127999.0,1,16.0,4096000.0,240,32,1024.0,4,2,0,99.9,4.0,0,1,0,0,0,1,0,0,0,0,0,1,0
90051.0,1,18.0,4096000.0,240,32,2048.0,2,2,0,90.0,4.0,0,1,0,0,0,1,0,0,0,0,0,1,0
93499.0,1,17.0,4096000.0,240,32,2048.0,2,3,0,90.0,4.0,1,0,0,0,0,1,0,0,0,0,0,1,0
94999.0,1,17.3,3686400.0,240,32,1024.0,3,1,0,83.0,6.0,1,0,0,0,0,1,0,0,0,0,0,1,0
97899.0,1,17.0,4096000.0,240,64,2048.0,2,3,0,99.0,4.0,1,0,0,0,0,1,0,0,0,0,0,1,0
118155.08,0,16.0,4096000.0,120,32,2048.0,1,1,0,90.0,4.0,0,1,0,0,0,1,0,0,0,0,0,1,0
89999.0,1,18.0,4096000.0,240,32,1024.0,2,2,0,90.0,4.0,1,0,0,0,0,1,0,0,0,0,0,1,0
101099.0,1,17.3,3686400.0,165,32,1024.0,3,1,0,83.0,6.0,1,0,0,0,0,1,0,0,0,0,0,1,0
92999.0,1,16.0,4096000.0,240,32,1024.0,2,2,0,90.0,4.0,1,0,0,0,0,1,0,0,0,0,0,1,0
193114.39,0,16.0,9216000.0,165,128,1024.0,2,3,0,94.0,4.0,0,1,0,0,0,1,0,0,0,0,0,1,0
89487.0,1,18.0,4096000.0,240,64,1024.0,2,2,0,90.0,4.0,1,0,0,0,0,1,0,0,0,0,0,1,0
87999.0,1,17.3,3686400.0,240,16,1024.0,2,2,0,90.0,4.0,0,1,0,1,0,0,0,0,0,0,0,0,0
106999.0,1,18.0,4096000.0,165,32,1024.0,3,3,0,97.0,6.0,0,1,0,0,0,1,0,0,0,0,0,1,0
85692.0,1,17.0,4096000.0,240,32,2048.0,2,3,0,99.0,4.0,0,1,0,0,0,1,0,0,0,0,1,0,0
87701.0,1,18.0,4096000.0,240,32,2048.0,2,2,0,90.0,4.0,1,0,0,0,0,1,0,0,0,0,0,1,0
107916.46,1,16.0,4096000.0,240,64,1024.0,2,2,0,90.0,4.0,1,0,0,0,0,1,0,0,0,0,0,1,0
149476.49,1,17.3,3686400.0,240,32,4096.0,3,1,0,83.0,6.0,0,1,0,0,0,1,0,0,0,0,0,1,0
94666.56,1,17.3,3686400.0,240,32,1024.0,2,2,0,90.0,4.0,0,1,0,1,0,0,0,0,0,0,0,0,0
145693.49,1,17.3,3686400.0,240,32,4096.0,3,1,0,83.0,6.0,0,1,0,0,0,1,0,0,0,0,0,1,0
112432.45,1,16.0,4096000.0,240,64,1024.0,2,2,0,90.0,4.0,0,1,0,0,0,1,0,0,0,0,0,1,0
157120.0,1,16.0,4096000.0,240,32,2048.0,2,2,0,90.0,4.0,0,1,0,0,0,1,0,0,0,0,0,1,0
145111.49,1,17.3,3686400.0,240,32,2048.0,3,1,0,83.0,6.0,0,1,0,0,0,1,0,0,0,0,0,1,0
101899.0,1,16.0,3686400.0,165,32,1024.0,3,1,0,64.0,4.0,1,0,0,0,0,1,0,0,0,0,0,1,0
93905.0,1,18.0,4096000.0,240,64,2048.0,2,2,0,90.0,4.0,0,1,0,0,0,1,0,0,0,0,0,1,0
114445.0,0,17.0,4096000.0,165,32,2048.0,1,2,0,90.0,4.0,0,1,0,0,0,1,0,0,0,0,1,0,0
192090.12,0,16.0,9216000.0,165,128,1024.0,2,3,0,94.0,4.0,0,1,0,0,0,1,0,0,0,0,0,1,0
106695.23,1,17.3,8294400.0,144,32,2048.0,2,2,0,99.0,4.0,0,1,0,0,0,1,0,0,0,0,0,1,0
65899.0,1,16.0,3686400.0,165,64,2048.0,3,1,0,64.0,4.0,1,0,0,0,0,1,0,0,0,0,0,1,0
87897.26,1,17.3,3686400.0,240,32,1024.0,2,2,0,90.0,4.0,1,0,0,1,0,0,0,0,0,0,0,0,0
146299.0,1,17.3,3686400.0,240,32,4096.0,3,1,0,83.0,6.0,1,0,0,0,0,1,0,0,0,0,0,1,0
90239.0,1,18.0,4096000.0,240,32,1024.0,2,2,0,90.0,4.0,0,1,0,0,0,1,0,0,0,0,0,1,0
87983.0,1,18.0,4096000.0,240,32,1024.0,2,2,0,90.0,4.0,0,1,0,0,0,1,0,0,0,0,0,1,0
86799.0,1,17.0,4096000.0,240,64,2048.0,2,3,0,99.0,4.0,1,0,0,0,0,1,0,0,0,0,1,0,0
106938.78,1,16.0,4096000.0,240,64,1024.0,2,2,0,90.0,4.0,1,0,0,0,0,1,0,0,0,0,0,1,0
105681.76,1,16.0,4096000.0,240,32,2048.0,2,2,0,90.0,4.0,1,0,0,0,0,1,0,0,0,0,0,1,0
91461.0,1,18.0,4096000.0,240,64,2048.0,2,2,0,90.0,4.0,1,0,0,0,0,1,0,0,0,0,0,1,0
85633.0,1,18.0,4096000.0,240,32,1024.0,2,2,0,90.0,4.0,1,0,0,0,0,1,0,0,0,0,0,1,0
77442.0,0,16.0,4096000.0,165,32,2048.0,1,2,1,90.0,4.0,0,1,0,0,0,1,0,0,0,0,0,1,0
103819.5,1,16.0,4096000.0,240,32,1024.0,2,2,0,90.0,4.0,1,0,0,0,0,1,0,0,0,0,0,1,0
90709.0,1,18.0,4096000.0,240,16,2048.0,2,2,0,90.0,4.0,0,1,0,0,0,1,0,0,0,0,0,1,0
88359.0,1,18.0,4096000.0,240,16,2048.0,2,2,0,90.0,4.0,0,1,0,0,0,1,0,0,0,0,0,1,0
108335.46,1,16.0,4096000.0,240,32,1024.0,2,2,0,90.0,4.0,0,1,0,0,0,1,0,0,0,0,0,1,0
55967.04,1,16.0,3686400.0,165,64,2048.0,3,1,0,64.0,4.0,1,0,0,0,0,1,0,0,0,0,1,0,0
94999.0,0,16.0,4096000.0,120,32,2048.0,1,1,0,90.0,4.0,0,1,0,0,0,1,0,0,0,0,1,0,0
84599.0,1,17.0,4096000.0,240,32,2048.0,2,3,0,99.0,4.0,0,1,0,0,0,1,0,0,0,0,0,1,0
91837.0,1,18.0,4096000.0,240,64,1024.0,2,2,0,90.0,4.0,0,1,0,0,0,1,0,0,0,0,0,1,0
92401.0,1,18.0,4096000.0,240,32,2048.0,2,2,0,90.0,4.0,0,1,0,0,0,1,0,0,0,0,0,1,0
87999.0,1,17.0,4096000.0,240,32,1024.0,2,3,0,99.0,4.0,0,1,0,0,0,1,0,0,0,0,0,1,0
68999.0,0,17.0,4096000.0,165,32,1024.0,1,2,0,90.0,4.0,0,1,0,0,0,1,0,0,0,0,1,0,0
187062.04,0,16.0,9216000.0,165,64,2048.0,2,3,0,94.0,4.0,0,1,0,0,0,1,0,0,0,0,0,1,0
109000.0,1,14.0,4096000.0,165,32,1024.0,2,2,0,76.0,4.0,0,1,0,1,0,0,0,0,0,0,0,0,0
66199.0,1,16.0,3686400.0,165,64,1024.0,3,1,0,64.0,4.0,1,0,0,0,0,1,0,0,0,0,0,1,0
111825.0,1,16.0,4096000.0,240,32,1024.0,2,3,0,99.0,4.0,0,1,0,0,0,1,0,0,0,0,0,1,0
70857.0,1,16.1,3686400.0,240,32,1024.0,2,2,0,83.0,6.0,0,1,0,0,0,1,0,0,0,0,0,1,0
63299.0,1,16.0,3686400.0,165,32,2048.0,3,1,0,64.0,4.0,1,0,0,0,0,1,0,0,0,0,0,1,0
86103.0,1,18.0,4096000.0,240,16,2048.0,2,2,0,90.0,4.0,1,0,0,0,0,1,0,0,0,0,0,1,0
179194.11,0,16.0,9216000.0,165,32,1024.0,2,3,0,94.0,4.0,0,1,0,0,0,1,0,0,0,0,0,1,0
136361.1,1,17.0,4096000.0,240,32,1024.0,2,3,0,90.0,4.0,1,0,0,0,0,1,0,0,0,0,0,1,0
83749.0,1,16.0,4096000.0,240,32,1024.0,2,2,0,97.0,6.0,0,1,0,0,0,1,0,0,0,0,0,1,0
139999.0,1,16.0,3686400.0,165,64,2048.0,3,1,0,64.0,4.0,1,0,0,0,0,1,0,0,0,0,0,1,0
80799.0,1,16.0,4096000.0,240,32,1024.0,2,2,0,97.0,6.0,0,1,0,0,0,1,0,0,0,0,0,1,0
187602.0,0,17.3,2073600.0,60,32,512.0,2,3,0,93.0,6.0,0,1,0,0,0,1,0,0,0,0,0,1,0
165399.0,1,15.6,3686400.0,240,32,2048.0,2,3,0,99.9,4.0,0,1,0,0,0,1,0,0,0,0,1,0,0
89999.0,1,17.3,3686400.0,165,32,1024.0,3,1,0,83.0,6.0,0,1,0,0,0,1,0,0,0,0,0,1,0
139999.01,0,14.5,5184000.0,120,32,1024.0,1,2,0,76.0,4.0,0,1,0,0,0,1,0,0,0,0,0,1,0
186317.22,0,16.0,9216000.0,165,64,1024.0,2,3,0,94.0,4.0,0,1,0,0,0,1,0,0,0,0,0,1,0
100918.8,1,17.3,2073600.0,360,32,2048.0,3,2,0,99.0,4.0,0,1,0,0,0,1,0,0,0,0,1,0,0
84680.0,1,18.0,2304000.0,480,32,1024.0,3,3,0,97.0,6.0,0,1,0,1,0,0,0,0,0,0,0,0,0
88547.0,1,18.0,4096000.0,240,16,1024.0,2,2,0,90.0,4.0,0,1,0,0,0,1,0,0,0,0,0,1,0
84111.0,1,18.0,4096000.0,240,16,1024.0,2,2,0,90.0,4.0,0,1,0,0,0,1,0,0,0,0,0,1,0
75368.0,1,17.3,3686400.0,165,64,4096.0,3,1,0,83.0,6.0,0,1,0,0,0,1,0,0,0,0,1,0,0
73451.0,1,17.3,3686400.0,165,64,4096.0,3,1,0,83.0,6.0,0,1,0,0,0,1,0,0,0,0,1,0,0
66588.0,1,16.0,4096000.0,240,16,1024.0,2,2,0,90.0,4.0,0,1,0,0,0,1,0,0,0,0,0,1,0
85899.0,1,17.3,3686400.0,165,32,1024.0,3,1,0,83.0,6.0,1,0,0,0,0,1,0,0,0,0,0,1,0
67472.05,1,17.0,4096000.0,240,32,1024.0,2,3,0,99.0,4.0,0,1,0,0,0,1,0,0,0,0,1,0,0
73281.0,1,17.3,3686400.0,165,64,3072.0,3,1,0,83.0,6.0,0,1,0,0,0,1,0,0,0,0,1,0,0
71420.0,1,17.3,3686400.0,165,64,3072.0,3,1,0,83.0,6.0,0,1,0,0,0,1,0,0,0,0,1,0,0
71185.0,1,17.3,3686400.0,165,64,2048.0,3,1,0,83.0,6.0,0,1,0,0,0,1,0,0,0,0,1,0,0
71299.0,0,16.0,4096000.0,165,32,2048.0,1,2,0,82.0,4.0,0,1,0,0,0,1,0,0,0,0,1,0,0
69380.0,1,17.3,3686400.0,165,64,2048.0,3,1,0,83.0,6.0,0,1,0,0,0,1,0,0,0,0,1,0,0
149299.0,0,17.3,2073600.0,60,32,512.0,2,3,0,93.0,6.0,0,1,0,0,0,1,0,0,0,0,0,1,0
66849.05,1,16.0,4096000.0,240,32,1024.0,3,2,0,90.0,4.0,0,0,0,0,0,1,0,0,0,0,0,1,0
185292.94,0,16.0,9216000.0,165,64,1024.0,2,3,0,94.0,4.0,0,1,0,0,0,1,0,0,0,0,0,1,0
182685.83,0,16.0,9216000.0,165,32,2048.0,2,3,0,94.0,4.0,0,1,0,0,0,1,0,0,0,0,0,1,0
109999.0,1,17.3,3686400.0,165,32,1024.0,3,1,0,83.0,6.0,0,1,0,0,0,1,0,0,0,0,0,1,0
72229.0,1,18.0,4096000.0,240,16,1024.0,2,2,0,90.0,4.0,1,0,0,0,0,1,0,0,0,0,0,1,0
63499.0,1,16.0,3686400.0,165,32,1024.0,3,1,0,64.0,4.0,1,0,0,0,0,1,0,0,0,0,0,1,0
71542.0,1,17.3,3686400.0,165,64,4096.0,3,1,0,83.0,6.0,1,0,0,0,0,1,0,0,0,0,1,0,0
88999.0,1,16.0,4096000.0,240,32,1024.0,4,2,0,80.0,4.0,0,1,0,0,0,1,0,0,0,0,1,0,0
69550.0,1,17.3,3686400.0,165,64,3072.0,3,1,0,83.0,6.0,1,0,0,0,0,1,0,0,0,0,1,0,0
103719.0,1,17.3,3686400.0,240,32,2048.0,3,1,0,83.0,6.0,0,1,0,0,0,1,0,0,0,0,1,0,0
65999.0,1,17.3,3686400.0,240,16,1024.0,2,2,0,90.0,4.0,0,1,0,1,0,0,0,0,0,0,0,0,0
82000.0,1,17.3,3686400.0,165,32,2048.0,3,1,0,83.0,6.0,0,1,0,0,0,1,0,0,0,0,1,0,0
103540.16,0,17.3,2073600.0,165,128,2048.0,2,3,0,94.0,4.0,0,1,0,0,0,1,0,0,0,0,1,0,0
67566.0,1,17.3,3686400.0,165,64,2048.0,3,1,0,83.0,6.0,1,0,0,0,0,1,0,0,0,0,1,0,0
184920.53,0,16.0,9216000.0,165,64,512.0,2,3,0,94.0,4.0,0,1,0,0,0,1,0,0,0,0,0,1,0
109299.49,1,15.6,3686400.0,165,64,4096.0,3,3,0,80.0,4.0,0,1,0,0,0,1,0,0,0,0,1,0,0
103729.48,1,15.6,3686400.0,165,64,4096.0,3,3,0,80.0,4.0,0,1,0,0,0,1,0,0,0,0,1,0,0
181940.89,0,16.0,9216000.0,165,32,1024.0,2,3,0,94.0,4.0,0,1,0,0,0,1,0,0,0,0,0,1,0
45999.0,1,15.6,2073600.0,144,64,2048.0,3,1,0,61.0,4.0,0,1,0,0,0,1,0,0,0,0,1,0,0
87299.04,1,17.3,3686400.0,165,32,1024.0,3,1,0,83.0,6.0,1,0,0,0,0,1,0,0,0,0,0,1,0
80799.0,1,17.3,3686400.0,165,32,2048.0,3,1,0,83.0,6.0,1,0,0,0,0,1,0,0,0,0,1,0,0
59494.0,1,17.3,3686400.0,240,16,1024.0,2,2,0,90.0,4.0,1,0,0,1,0,0,0,0,0,0,0,0,0
99077.11,0,17.3,2073600.0,165,128,2048.0,2,3,0,94.0,4.0,0,1,0,0,0,1,0,0,0,0,1,0,0
189999.0,0,15.6,8294400.0,165,32,1024.0,1,2,0,92.0,8.0,0,1,0,0,0,1,0,0,0,0,1,0,0
97539.48,1,15.6,3686400.0,165,64,2048.0,3,3,0,80.0,4.0,0,1,0,0,0,1,0,0,0,0,1,0,0
98722.5,0,17.3,2073600.0,165,128,2048.0,2,3,0,94.0,4.0,0,1,0,0,0,1,0,0,0,0,1,0,0
169749.03,0,15.6,8294400.0,165,32,1024.0,1,2,0,92.0,8.0,0,1,0,0,0,1,0,0,0,0,1,0,0
95059.48,1,15.6,3686400.0,165,64,2048.0,3,3,0,80.0,4.0,0,1,0,0,0,1,0,0,0,0,1,0,0
50759.0,1,15.6,2073600.0,165,64,2048.0,3,1,0,73.15590725806452,4.0,0,1,0,0,0,1,0,0,0,0,1,0,0
71392.0,1,17.3,3686400.0,165,32,4096.0,3,1,0,83.0,6.0,0,1,0,0,0,1,0,0,0,0,1,0,0
69578.0,1,17.3,3686400.0,165,32,4096.0,3,1,0,83.0,6.0,0,1,0,0,0,1,0,0,0,0,1,0,0
97999.0,1,18.0,4096000.0,240,32,1024.0,3,2,0,90.0,4.0,0,1,0,0,0,1,0,0,0,0,0,1,0
126099.03,0,17.3,8294400.0,120,32,512.0,2,3,0,93.0,6.0,0,1,0,0,0,1,0,0,0,0,0,1,0
48899.0,1,16.0,3686400.0,165,32,1024.0,3,1,0,64.0,4.0,1,0,0,0,0,1,0,0,0,0,1,0,0
69098.0,1,17.3,3686400.0,165,64,1024.0,3,1,0,83.0,6.0,0,1,0,0,0,1,0,0,0,0,1,0,0
69699.0,1,16.0,2304000.0,144,16,1024.0,2,3,0,90.0,4.0,0,1,0,0,0,1,0,0,0,0,1,0,0
67548.0,0,16.0,4096000.0,165,32,1024.0,1,2,0,82.0,4.0,0,1,0,0,0,1,0,0,0,0,1,0,0
67341.0,1,17.3,3686400.0,165,64,1024.0,3,1,0,83.0,6.0,0,1,0,0,0,1,0,0,0,0,1,0,0
69305.0,1,17.3,3686400.0,165,32,3072.0,3,1,0,83.0,6.0,0,1,0,0,0,1,0,0,0,0,1,0,0
67209.0,1,17.3,3686400.0,240,32,2048.0,3,1,0,83.0,6.0,0,1,0,0,0,1,0,0,0,0,1,0,0
92999.0,0,16.0,9216000.0,165,32,2048.0,2,2,0,90.0,4.0,1,0,0,0,0,1,0,0,0,0,0,1,0
91089.48,1,15.6,3686400.0,165,32,1024.0,3,3,0,80.0,4.0,0,1,0,0,0,1,0,0,0,0,1,0,0
142312.5,0,15.6,7464960.0,60,32,1024.0,0,3,1,86.0,6.0,0,1,0,0,0,1,0,0,0,0,0,1,0
154399.0,0,17.3,2073600.0,144,32,1024.0,2,2,0,99.9,4.0,0,1,0,0,0,1,0,0,0,0,0,1,0
100977.91,1,15.6,3686400.0,240,32,1024.0,2,3,0,99.9,4.0,0,1,0,0,0,1,0,0,0,0,1,0,0
147529.88,0,17.3,2073600.0,60,32,512.0,2,3,0,93.0,6.0,0,1,0,0,0,1,0,0,0,0,0,1,0
73779.0,1,17.3,2073600.0,144,32,1024.0,2,1,0,53.5,3.0,0,1,0,0,0,1,0,0,0,0,0,1,0
95038.02,1,17.3,2073600.0,360,32,1024.0,3,2,0,99.0,4.0,0,1,0,0,0,1,0,0,0,0,1,0,0
60441.0,1,16.0,2304000.0,165,64,2048.0,2,2,0,90.0,4.0,0,1,0,0,0,1,0,0,0,0,1,0,0
58843.0,1,16.0,2304000.0,165,64,2048.0,2,2,0,90.0,4.0,0,1,0,0,0,1,0,0,0,0,1,0,0
61239.0,1,17.3,2073600.0,144,32,1024.0,2,1,0,53.5,3.0,0,1,0,0,0,1,0,0,0,0,0,1,0
101029.48,1,15.6,3686400.0,165,64,2048.0,3,3,0,80.0,4.0,1,0,0,0,0,1,0,0,0,0,1,0,0
48500.0,1,17.3,2073600.0,144,64,1024.0,3,1,0,62.32,4.0,1,0,0,0,0,1,0,0,0,0,1,0,0
64929.06,1,17.3,3686400.0,240,32,1024.0,3,1,0,65.0,4.0,0,1,0,0,0,1,0,0,0,0,1,0,0
98999.0,1,17.3,3686400.0,165,32,2048.0,3,1,0,90.0,4.0,1,0,0,1,0,0,0,0,0,0,0,0,0
67764.0,1,17.3,3686400.0,240,32,4096.0,3,1,0,83.0,6.0,1,0,0,0,0,1,0,0,0,0,1,0,0
71999.0,1,16.0,4096000.0,240,16,1024.0,3,2,0,90.0,4.0,0,1,0,0,0,1,0,0,0,0,0,1,0
101677.93,0,17.3,2073600.0,165,128,1024.0,2,3,0,94.0,4.0,0,1,0,0,0,1,0,0,0,0,1,0,0
65583.0,1,17.3,3686400.0,165,64,1024.0,3,1,0,83.0,6.0,1,0,0,0,0,1,0,0,0,0,1,0,0
65780.0,1,17.3,3686400.0,165,32,3072.0,3,1,0,83.0,6.0,1,0,0,0,0,1,0,0,0,0,1,0,0
85318.0,1,16.0,2304000.0,165,16,1024.0,2,2,0,90.0,4.0,0,1,0,0,0,1,0,0,0,0,1,0,0
72295.0,1,13.4,4096000.0,165,16,1024.0,1,1,1,56.0,4.0,0,1,0,0,0,1,0,0,0,0,0,1,0
72987.88,1,15.6,3686400.0,165,32,1024.0,3,3,0,80.0,4.0,1,0,0,0,0,1,0,0,0,0,1,0,0
45776.91,1,17.3,2073600.0,144,64,1024.0,2,1,0,53.5,3.0,1,0,0,0,0,1,0,0,0,0,1,0,0
63797.0,1,17.3,3686400.0,165,32,2048.0,3,1,0,83.0,6.0,1,0,0,0,0,1,0,0,0,0,1,0,0
140500.0,0,17.3,8294400.0,165,32,2048.0,2,3,0,94.0,4.0,0,1,0,0,0,1,0,0,0,0,0,1,0
92999.0,1,17.3,2073600.0,360,32,1024.0,2,2,0,90.0,4.0,1,0,0,0,0,1,0,0,0,0,0,1,0
78499.0,1,16.1,2073600.0,165,32,1024.0,2,2,0,83.0,6.0,0,1,0,0,0,1,0,0,0,0,1,0,0
51999.0,1,16.0,4096000.0,165,32,1024.0,3,3,0,80.0,4.0,0,1,0,0,0,1,0,0,0,0,1,0,0
63599.0,1,16.0,2304000.0,165,48,2048.0,2,2,0,90.0,4.0,0,1,0,0,0,1,0,0,0,0,1,0,0
114999.0,1,16.0,3686400.0,165,32,1024.0,3,1,0,64.0,4.0,1,0,0,0,0,1,0,0,0,0,0,1,0
61999.0,1,16.0,2304000.0,165,48,2048.0,2,2,0,90.0,4.0,0,1,0,0,0,1,0,0,0,0,1,0,0
57245.0,1,16.0,2304000.0,165,64,2048.0,2,2,0,90.0,4.0,1,0,0,0,0,1,0,0,0,0,1,0,0
64138.73,1,17.3,2073600.0,144,32,1024.0,2,1,0,90.0,4.0,0,1,0,0,0,1,0,0,0,0,1,0,0
56963.0,1,15.6,2073600.0,144,64,2048.0,3,1,0,73.15590725806452,4.0,0,1,0,0,0,1,0,0,0,0,1,0,0
56963.0,1,15.6,2073600.0,144,64,2048.0,3,1,0,73.15590725806452,4.0,0,1,0,0,0,1,0,0,0,0,1,0,0
66500.0,1,15.6,2073600.0,144,32,1024.0,2,1,0,90.0,4.0,0,1,0,0,0,1,0,0,0,0,1,0,0
55459.0,1,15.6,2073600.0,144,64,2048.0,3,1,0,73.15590725806452,4.0,0,1,0,0,0,1,0,0,0,0,1,0,0
55515.0,1,15.6,2073600.0,144,64,2048.0,3,1,0,73.15590725806452,4.0,0,1,0,0,0,1,0,0,0,0,1,0,0
50289.0,1,15.6,2073600.0,165,64,2048.0,3,1,0,57.5,4.0,0,1,0,0,0,1,0,0,0,0,1,0,0
57499.0,1,15.6,2073600.0,144,32,1024.0,2,1,0,90.0,4.0,0,1,0,0,0,1,0,0,0,0,1,0,0
59999.0,1,16.0,4096000.0,165,32,1024.0,2,1,0,63.0,4.0,1,0,0,0,0,1,0,0,0,0,1,0,0
136115.6,0,17.3,8294400.0,165,32,1024.0,2,3,0,94.0,4.0,0,1,0,0,0,1,0,0,0,0,0,1,0
92579.48,1,15.6,3686400.0,165,64,1024.0,3,3,0,80.0,4.0,1,0,0,0,0,1,0,0,0,0,1,0,0
61524.0,1,17.3,3686400.0,165,16,1024.0,3,1,0,83.0,6.0,0,1,0,0,0,1,0,0,0,0,1,0,0
60171.0,1,16.1,2073600.0,165,32,1024.0,2,2,0,83.0,6.0,0,1,0,1,0,0,0,1,0,0,0,0,0
102209.48,1,15.6,3686400.0,165,32,4096.0,3,3,0,80.0,4.0,0,1,0,0,0,1,0,0,0,0,1,0,0
99609.48,1,15.6,3686400.0,165,32,4096.0,3,3,0,80.0,4.0,0,1,0,0,0,1,0,0,0,0,1,0,0
97304.08,0,17.3,2073600.0,165,128,1024.0,2,3,0,94.0,4.0,0,1,0,0,0,1,0,0,0,0,1,0,0
97126.78,0,17.3,2073600.0,165,128,1024.0,2,3,0,94.0,4.0,0,1,0,0,0,1,0,0,0,0,1,0,0
90939.48,1,15.6,3686400.0,165,64,1024.0,3,3,0,80.0,4.0,0,1,0,0,0,1,0,0,0,0,1,0,0
92889.48,1,15.6,3686400.0,165,64,1024.0,3,3,0,80.0,4.0,0,1,0,0,0,1,0,0,0,0,1,0,0
57999.0,1,13.4,4096000.0,165,16,1024.0,1,1,1,56.0,4.0,1,0,0,0,0,1,0,0,0,0,0,1,0
51699.0,1,15.6,2073600.0,144,64,1024.0,1,2,0,54.0,4.0,0,1,0,0,0,1,0,0,0,0,1,0,0
80344.0,1,16.0,6400000.0,120,32,1024.0,2,2,0,90.0,4.0,0,1,0,0,0,1,0,0,0,0,1,0,0
70999.0,1,16.0,4096000.0,165,64,1024.0,2,1,0,63.0,4.0,0,1,0,0,0,1,0,0,0,0,1,0,0
129999.0,1,15.6,3686400.0,165,32,1024.0,2,1,0,90.0,4.0,0,1,0,0,0,1,0,0,0,0,1,0,0
39518.95,1,17.3,2073600.0,144,32,1024.0,3,1,0,62.32,4.0,0,1,0,0,0,1,0,0,0,0,1,0,0
50101.0,1,15.6,2073600.0,144,64,2048.0,3,1,0,73.15590725806452,4.0,0,1,0,0,0,1,0,0,0,0,1,0,0
48879.0,1,15.6,2073600.0,144,64,2048.0,3,1,0,73.15590725806452,4.0,0,1,0,0,0,1,0,0,0,0,1,0,0
43999.0,1,15.6,2073600.0,144,32,1024.0,2,1,0,62.32,4.0,0,1,0,0,0,1,0,0,0,0,1,0,0
60299.0,1,16.0,2304000.0,165,48,2048.0,2,2,0,90.0,4.0,1,0,0,0,0,1,0,0,0,0,1,0,0
116759.0,0,17.3,2073600.0,60,32,512.0,2,3,0,93.0,6.0,0,1,0,0,0,1,0,0,0,0,1,0,0
54049.0,1,15.6,2073600.0,144,64,2048.0,3,1,0,73.15590725806452,4.0,1,0,0,0,0,1,0,0,0,0,1,0,0
54068.0,1,15.6,2073600.0,144,64,2048.0,3,1,0,73.15590725806452,4.0,1,0,0,0,0,1,0,0,0,0,1,0,0
49349.0,1,15.6,2073600.0,165,64,2048.0,3,1,0,57.5,4.0,1,0,0,0,0,1,0,0,0,0,1,0,0
50849.0,1,16.1,2073600.0,144,32,512.0,3,1,0,70.0,4.0,0,1,0,0,0,1,0,0,0,0,1,0,0
63468.0,1,17.3,3686400.0,165,32,1024.0,3,1,0,83.0,6.0,0,1,0,0,0,1,0,0,0,0,1,0,0
61999.0,1,16.0,2304000.0,165,32,2048.0,2,2,0,90.0,4.0,0,1,0,0,0,1,0,0,0,0,1,0,0
60399.0,1,16.0,2304000.0,165,32,2048.0,2,2,0,90.0,4.0,0,1,0,0,0,1,0,0,0,0,1,0,0
37299.0,1,15.6,2073600.0,144,64,1024.0,3,1,0,61.0,4.0,1,0,0,0,0,1,0,0,0,0,1,0,0
139999.0,1,16.0,4096000.0,165,32,1024.0,3,3,0,80.0,4.0,1,0,0,1,0,0,0,0,0,0,0,0,0
59396.72,1,16.0,4096000.0,240,16,1024.0,1,2,0,99.9,4.0,0,1,0,0,0,1,0,0,0,0,1,0,0
109998.9,1,17.3,2073600.0,360,32,2048.0,2,2,0,90.0,4.0,0,1,0,0,0,1,0,0,0,0,0,1,0
58843.0,1,16.0,2304000.0,165,64,1024.0,2,2,0,90.0,4.0,0,1,0,0,0,1,0,0,0,0,1,0,0
56999.0,1,16.1,3686400.0,240,32,1024.0,3,1,0,70.0,4.0,0,1,0,0,0,1,0,0,0,0,1,0,0
57245.0,1,16.0,2304000.0,165,64,1024.0,2,2,0,90.0,4.0,0,1,0,0,0,1,0,0,0,0,1,0,0
37999.0,1,15.6,2073600.0,144,32,2048.0,3,1,0,61.0,4.0,1,0,0,0,0,1,0,0,0,0,1,0,0
90469.48,1,15.6,3686400.0,165,64,1024.0,3,3,0,80.0,4.0,1,0,0,0,0,1,0,0,0,0,1,0,0
48099.0,1,15.6,2073600.0,144,64,1024.0,1,2,0,54.0,4.0,1,0,0,0,0,1,0,0,0,0,1,0,0
115161.94,0,15.6,8294400.0,120,32,1024.0,1,2,0,83.0,6.0,0,1,0,0,0,1,0,0,0,0,0,1,0
56681.0,1,16.0,2304000.0,165,32,2048.0,2,2,0,90.0,4.0,0,1,0,0,0,1,0,0,0,0,1,0,0
55083.0,1,16.0,2304000.0,165,32,2048.0,2,2,0,90.0,4.0,0,1,0,0,0,1,0,0,0,0,1,0,0
67499.0,1,16.0,4096000.0,165,64,1024.0,2,1,0,63.0,4.0,1,0,0,0,0,1,0,0,0,0,1,0,0
88569.48,1,15.6,3686400.0,165,32,2048.0,3,3,0,80.0,4.0,1,0,0,0,0,1,0,0,0,0,1,0,0
96594.87,0,17.3,2073600.0,165,128,512.0,2,3,0,94.0,4.0,0,1,0,0,0,1,0,0,0,0,1,0,0
98895.53,0,17.3,2073600.0,165,128,512.0,2,3,0,94.0,4.0,0,1,0,0,0,1,0,0,0,0,1,0,0
36145.3,1,17.3,2073600.0,144,32,1024.0,3,1,0,62.32,4.0,1,0,0,0,0,1,0,0,0,0,1,0,0
96594.87,0,17.3,2073600.0,165,128,512.0,2,3,0,94.0,4.0,0,1,0,0,0,1,0,0,0,0,1,0,0
96594.87,0,17.3,2073600.0,165,128,500.0,2,3,0,94.0,4.0,0,1,0,0,0,1,0,0,0,0,1,0,0
47563.0,1,15.6,2073600.0,144,64,2048.0,3,1,0,73.15590725806452,4.0,1,0,0,0,0,1,0,0,0,0,1,0,0
96594.87,0,17.3,2073600.0,165,128,500.0,2,3,0,94.0,4.0,0,1,0,0,0,1,0,0,0,0,1,0,0
57999.0,1,17.3,2073600.0,144,32,1024.0,2,1,0,53.5,3.0,0,1,0,0,0,1,0,0,0,0,1,0,0
38555.06,1,15.6,2073600.0,144,32,1024.0,1,2,0,54.0,4.0,0,1,0,0,0,1,0,0,0,0,1,0,0
65999.98,1,16.0,2304000.0,165,64,512.0,2,2,0,90.0,4.0,0,1,0,0,0,1,0,0,0,0,1,0,0
69999.9,1,17.3,2073600.0,144,32,1024.0,2,1,0,90.0,4.0,0,1,0,0,0,1,0,0,0,0,1,0,0
64499.98,1,16.0,2304000.0,165,64,512.0,2,2,0,90.0,4.0,0,1,0,0,0,1,0,0,0,0,1,0,0
102158.33,0,15.6,2073600.0,165,32,2048.0,1,2,0,83.0,6.0,0,1,0,0,0,1,0,0,0,0,0,1,0
57750.0,1,15.6,3686400.0,165,32,1024.0,2,1,0,90.0,4.0,1,0,0,0,0,1,0,0,0,0,1,0,0
87156.0,0,15.6,2073600.0,165,32,1024.0,3,1,0,83.0,6.0,0,1,0,0,0,1,0,0,0,0,0,1,0
59332.0,1,15.6,2073600.0,120,64,2048.0,3,1,0,86.0,6.0,0,1,0,0,0,1,0,0,0,0,1,0,0
43999.0,1,16.1,2073600.0,144,32,512.0,3,1,0,70.0,4.0,1,0,0,0,0,1,0,0,0,0,1,0,0
48879.0,1,15.6,2073600.0,165,64,512.0,3,1,0,73.15590725806452,4.0,0,1,0,0,0,1,0,0,0,0,1,0,0
56799.0,0,16.0,4096000.0,120,16,1024.0,2,2,0,83.0,6.0,0,1,0,0,0,1,0,0,0,0,1,0,0
42599.0,1,16.0,4096000.0,165,32,1024.0,2,2,0,90.0,4.0,1,0,0,1,0,0,0,1,0,0,0,0,0
61813.0,1,17.3,3686400.0,165,32,1024.0,3,1,0,83.0,6.0,1,0,0,0,0,1,0,0,0,0,1,0,0
70160.0,1,16.0,6400000.0,120,16,1024.0,2,2,0,90.0,4.0,0,1,0,0,0,1,0,0,0,0,1,0,0
49089.6,1,16.1,2073600.0,165,16,1024.0,2,2,0,83.0,6.0,0,1,0,0,0,1,0,0,0,1,0,0,0
58799.0,1,16.0,2304000.0,165,32,2048.0,2,2,0,90.0,4.0,1,0,0,0,0,1,0,0,0,0,1,0,0
49351.89,1,17.3,2073600.0,360,32,1024.0,2,1,0,90.0,4.0,1,0,0,0,0,1,0,0,0,0,1,0,0
99163.89,0,17.3,2073600.0,165,64,2048.0,2,3,0,94.0,4.0,0,1,0,0,0,1,0,0,0,0,1,0,0
49399.0,1,15.6,2073600.0,144,64,1024.0,1,2,0,54.0,4.0,0,1,0,0,0,1,0,0,0,1,0,0,0
69719.0,1,17.3,3686400.0,165,16,4096.0,3,1,0,83.0,6.0,0,1,0,0,0,1,0,0,0,0,1,0,0
67952.0,1,17.3,3686400.0,165,16,4096.0,3,1,0,83.0,6.0,0,1,0,0,0,1,0,0,0,0,1,0,0
67632.0,1,17.3,3686400.0,240,16,3072.0,3,1,0,83.0,6.0,0,1,0,0,0,1,0,0,0,0,1,0,0
61299.0,1,16.0,2304000.0,165,48,1024.0,2,2,0,90.0,4.0,0,1,0,0,0,1,0,0,0,0,1,0,0
65912.0,1,17.3,3686400.0,240,16,3072.0,3,1,0,83.0,6.0,0,1,0,0,0,1,0,0,0,0,1,0,0
59799.0,1,16.0,2304000.0,165,48,1024.0,2,2,0,90.0,4.0,0,1,0,0,0,1,0,0,0,0,1,0,0
48699.0,1,16.0,3686400.0,165,16,1024.0,3,1,0,64.0,4.0,1,0,0,0,0,1,0,0,0,0,1,0,0
100578.4,0,15.6,2073600.0,165,32,1024.0,1,2,0,83.0,6.0,0,1,0,0,0,1,0,0,0,0,0,1,0
55647.0,1,16.0,2304000.0,165,64,1024.0,2,2,0,90.0,4.0,1,0,0,0,0,1,0,0,0,0,1,0,0
99946.43,0,15.6,2073600.0,165,32,1024.0,1,2,0,83.0,6.0,0,1,0,0,0,1,0,0,0,0,0,1,0
105000.0,0,14.0,2304000.0,60,32,512.0,0,4,1,72.0,4.0,0,1,0,0,0,1,0,0,0,0,0,1,0
54801.0,1,15.6,2073600.0,144,64,1024.0,3,1,0,73.15590725806452,4.0,0,1,0,0,0,1,0,0,0,0,1,0,0
54876.0,1,15.6,2073600.0,144,64,1024.0,3,1,0,73.15590725806452,4.0,0,1,0,0,0,1,0,0,0,0,1,0,0
49349.0,1,15.6,2073600.0,165,64,1024.0,3,1,0,57.5,4.0,0,1,0,0,0,1,0,0,0,0,1,0,0
53391.0,1,15.6,2073600.0,144,64,1024.0,3,1,0,73.15590725806452,4.0,0,1,0,0,0,1,0,0,0,0,1,0,0
55035.0,1,16.1,2073600.0,144,32,1024.0,3,1,0,83.0,6.0,0,1,0,1,0,0,0,0,0,0,0,0,0
53476.0,1,15.6,2073600.0,144,64,1024.0,3,1,0,73.15590725806452,4.0,0,1,0,0,0,1,0,0,0,0,1,0,0
48879.0,1,15.6,2073600.0,165,64,1024.0,3,1,0,57.5,4.0,0,1,0,0,0,1,0,0,0,0,1,0,0
65536.0,1,17.3,3686400.0,165,16,2048.0,3,1,0,83.0,6.0,0,1,0,0,0,1,0,0,0,0,1,0,0
53485.0,1,16.0,2304000.0,165,32,2048.0,2,2,0,90.0,4.0,1,0,0,0,0,1,0,0,0,0,1,0,0
63872.0,1,17.3,3686400.0,165,16,2048.0,3,1,0,83.0,6.0,0,1,0,0,0,1,0,0,0,0,1,0,0
42017.0,1,15.6,2073600.0,144,64,2048.0,3,1,0,73.15590725806452,4.0,0,1,0,0,0,1,0,0,0,1,0,0,0
53767.0,1,15.6,2073600.0,144,32,2048.0,3,1,0,73.15590725806452,4.0,0,1,0,0,0,1,0,0,0,0,1,0,0
40983.0,1,15.6,2073600.0,144,64,2048.0,3,1,0,73.15590725806452,4.0,0,1,0,0,0,1,0,0,0,1,0,0,0
53823.0,1,15.6,2073600.0,144,32,2048.0,3,1,0,73.15590725806452,4.0,0,1,0,0,0,1,0,0,0,0,1,0,0
57433.0,1,16.0,2304000.0,165,64,512.0,2,2,0,90.0,4.0,0,1,0,0,0,1,0,0,0,0,1,0,0
47469.0,1,15.6,2073600.0,165,32,2048.0,3,1,0,57.5,4.0,0,1,0,0,0,1,0,0,0,0,1,0,0
52357.0,1,15.6,2073600.0,144,32,2048.0,3,1,0,73.15590725806452,4.0,0,1,0,0,0,1,0,0,0,0,1,0,0
52460.0,1,15.6,2073600.0,144,32,2048.0,3,1,0,73.15590725806452,4.0,0,1,0,0,0,1,0,0,0,0,1,0,0
55835.0,1,16.0,2304000.0,165,64,512.0,2,2,0,90.0,4.0,0,1,0,0,0,1,0,0,0,0,1,0,0
46999.0,1,15.6,2073600.0,165,32,2048.0,3,1,0,57.5,4.0,0,1,0,0,0,1,0,0,0,0,1,0,0
99799.49,1,15.6,3686400.0,165,64,512.0,3,3,0,80.0,4.0,1,0,0,0,0,1,0,0,0,0,1,0,0
35499.0,1,15.6,2073600.0,144,32,1024.0,1,2,0,54.0,4.0,1,0,0,0,0,1,0,0,0,0,1,0,0
59300.01,1,17.3,3686400.0,165,16,1024.0,3,1,0,83.0,6.0,0,1,0,0,0,1,0,0,0,0,1,0,0
62999.98,1,16.0,2304000.0,165,64,512.0,2,2,0,90.0,4.0,1,0,0,0,0,1,0,0,0,0,1,0,0
86449.48,1,15.6,3686400.0,165,32,1024.0,3,3,0,80.0,4.0,1,0,0,0,0,1,0,0,0,0,1,0,0
46999.0,1,15.6,2073600.0,144,32,1024.0,3,1,0,61.0,4.0,0,1,0,0,0,1,0,0,0,0,1,0,0
73140.0,0,16.0,9216000.0,165,32,1024.0,2,2,0,90.0,4.0,0,1,0,0,0,1,0,0,0,0,1,0,0
109126.91,0,15.6,2304000.0,60,64,1024.0,0,3,1,86.0,6.0,0,1,0,0,0,1,0,0,0,0,1,0,0
45663.79,1,15.6,3686400.0,165,32,1024.0,4,2,0,60.0,4.0,0,1,0,0,0,1,0,0,0,0,1,0,0
55177.0,1,16.0,2304000.0,165,32,1024.0,2,2,0,90.0,4.0,0,1,0,0,0,1,0,0,0,0,1,0,0
34989.0,1,15.6,2073600.0,144,32,2048.0,3,1,0,61.0,4.0,1,0,0,0,0,1,0,0,0,1,0,0,0
62799.0,1,16.0,4096000.0,165,16,1024.0,2,1,0,63.0,4.0,0,1,0,0,0,1,0,0,0,0,1,0,0
60899.0,1,16.0,2304000.0,165,24,2048.0,2,2,0,90.0,4.0,0,1,0,0,0,1,0,0,0,0,1,0,0
61999.98,1,16.0,2304000.0,165,32,1024.0,2,2,0,90.0,4.0,0,1,0,0,0,1,0,0,0,0,1,0,0
59299.0,1,16.0,2304000.0,165,24,2048.0,2,2,0,90.0,4.0,0,1,0,0,0,1,0,0,0,0,1,0,0
48033.0,1,15.6,2073600.0,144,64,1024.0,3,1,0,73.15590725806452,4.0,0,1,0,0,0,1,0,0,0,0,1,0,0
94467.23,0,17.3,2073600.0,165,64,2048.0,2,3,0,94.0,4.0,0,1,0,0,0,1,0,0,0,0,1,0,0
46811.0,1,15.6,2073600.0,144,64,1024.0,3,1,0,73.15590725806452,4.0,0,1,0,0,0,1,0,0,0,0,1,0,0
46599.0,1,15.6,2073600.0,144,64,1024.0,1,2,0,54.0,4.0,1,0,0,0,0,1,0,0,0,1,0,0,0
94132.52,0,17.3,2073600.0,165,64,2048.0,2,3,0,94.0,4.0,0,1,0,0,0,1,0,0,0,0,1,0,0
65499.0,1,16.0,4096000.0,165,32,1024.0,2,1,0,63.0,4.0,0,1,0,0,0,1,0,0,0,0,1,0,0
66175.0,1,17.3,3686400.0,165,16,4096.0,3,1,0,83.0,6.0,1,0,0,0,0,1,0,0,0,0,1,0,0
35849.0,1,15.6,2073600.0,144,32,1024.0,3,1,0,59.0,4.0,1,0,0,1,0,0,0,1,0,0,0,0,0
46905.0,1,15.6,2073600.0,144,32,2048.0,3,1,0,73.15590725806452,4.0,0,1,0,0,0,1,0,0,0,0,1,0,0
58199.0,1,16.0,2304000.0,165,48,1024.0,2,2,0,90.0,4.0,1,0,0,0,0,1,0,0,0,0,1,0,0
45777.0,1,15.6,2073600.0,144,32,2048.0,3,1,0,73.15590725806452,4.0,0,1,0,0,0,1,0,0,0,0,1,0,0
48409.0,1,15.6,2073600.0,144,64,512.0,3,1,0,73.15590725806452,4.0,0,1,0,0,0,1,0,0,0,0,1,0,0
64192.0,1,17.3,3686400.0,165,16,3072.0,3,1,0,83.0,6.0,1,0,0,0,0,1,0,0,0,0,1,0,0
47298.37,1,15.6,2073600.0,144,64,1024.0,1,1,0,73.15590725806452,4.0,1,0,0,0,0,1,0,0,0,0,1,0,0
52075.0,1,15.6,2073600.0,144,64,1024.0,3,1,0,73.15590725806452,4.0,1,0,0,0,0,1,0,0,0,0,1,0,0
52084.0,1,15.6,2073600.0,144,64,1024.0,3,1,0,73.15590725806452,4.0,1,0,0,0,0,1,0,0,0,0,1,0,0
46500.0,1,15.6,2073600.0,165,64,1024.0,3,1,0,57.5,4.0,1,0,0,0,0,1,0,0,0,0,1,0,0
62208.0,1,17.3,3686400.0,165,16,2048.0,3,1,0,83.0,6.0,1,0,0,0,0,1,0,0,0,0,1,0,0
34999.0,1,17.3,2073600.0,144,32,1024.0,3,1,0,62.32,4.0,1,0,0,0,0,1,0,0,0,1,0,0,0
59499.0,1,16.0,2304000.0,165,48,512.0,2,2,0,90.0,4.0,0,1,0,0,0,1,0,0,0,0,1,0,0
99314.45,0,15.6,2073600.0,165,32,512.0,1,2,0,83.0,6.0,0,1,0,0,0,1,0,0,0,0,0,1,0
109999.0,1,17.3,2073600.0,300,16,2048.0,3,1,0,90.0,4.0,1,0,0,1,0,0,0,0,0,0,0,0,0
51041.0,1,15.6,2073600.0,144,32,2048.0,3,1,0,73.15590725806452,4.0,1,0,0,0,0,1,0,0,0,0,1,0,0
51088.0,1,15.6,2073600.0,144,32,2048.0,3,1,0,73.15590725806452,4.0,1,0,0,0,0,1,0,0,0,0,1,0,0
54237.0,1,16.0,2304000.0,165,64,512.0,2,2,0,90.0,4.0,1,0,0,0,0,1,0,0,0,0,1,0,0
59699.48,1,16.0,2304000.0,165,32,1024.0,2,2,0,90.0,4.0,0,1,0,0,0,1,0,0,0,0,1,0,0
46059.0,1,15.6,2073600.0,165,32,2048.0,3,1,0,57.5,4.0,1,0,0,0,0,1,0,0,0,0,1,0,0
99314.45,0,15.6,2073600.0,165,32,512.0,1,2,0,83.0,6.0,0,1,0,0,0,1,0,0,0,0,0,1,0
58199.0,1,16.0,2304000.0,165,32,1024.0,2,2,0,90.0,4.0,0,1,0,0,0,1,0,0,0,0,1,0,0
54099.0,1,16.0,2304000.0,165,16,512.0,2,2,0,90.0,4.0,0,1,0,0,0,1,0,0,0,0,1,0,0
83313.77,1,17.3,2073600.0,360,16,1024.0,2,2,0,90.0,4.0,1,0,0,0,0,1,0,0,0,0,0,1,0
53109.0,1,15.6,2073600.0,144,64,512.0,3,1,0,73.15590725806452,4.0,0,1,0,0,0,1,0,0,0,0,1,0,0
53203.0,1,15.6,2073600.0,144,64,512.0,3,1,0,73.15590725806452,4.0,0,1,0,0,0,1,0,0,0,0,1,0,0
37634.04,1,15.6,2073600.0,144,64,1024.0,3,1,0,61.0,4.0,1,0,0,0,0,1,0,0,0,0,1,0,0
51793.0,1,15.6,2073600.0,144,64,512.0,3,1,0,73.15590725806452,4.0,0,1,0,0,0,1,0,0,0,0,1,0,0
35999.0,1,15.6,2073600.0,144,32,1024.0,2,1,0,62.32,4.0,1,0,0,0,0,1,0,0,0,1,0,0,0
51849.0,1,15.6,2073600.0,144,64,512.0,3,1,0,73.15590725806452,4.0,0,1,0,0,0,1,0,0,0,0,1,0,0
65999.0,1,16.0,4096000.0,165,16,1024.0,3,3,0,80.0,4.0,0,1,0,0,0,1,0,0,0,0,1,0,0
34217.5,1,15.6,2073600.0,144,32,1024.0,2,1,0,62.32,4.0,1,0,0,0,0,1,0,0,0,0,1,0,0
47630.96,1,13.4,4096000.0,165,16,512.0,1,1,1,56.0,4.0,1,0,0,0,0,1,0,0,0,0,0,1,0
35499.0,1,15.6,2073600.0,144,32,1024.0,3,1,0,61.0,4.0,1,0,0,0,0,1,0,0,0,0,1,0,0
42999.0,1,15.6,2073600.0,165,16,1024.0,3,1,0,86.0,6.0,0,1,0,0,0,1,0,0,0,0,1,0,0
42453.57,1,17.3,2073600.0,144,32,1024.0,2,1,0,53.5,3.0,1,0,0,0,0,1,0,0,0,0,1,0,0
53579.0,1,16.0,2304000.0,165,32,1024.0,2,2,0,90.0,4.0,0,1,0,0,0,1,0,0,0,0,1,0,0
56999.0,1,16.1,3686400.0,165,16,1024.0,3,2,0,83.0,6.0,0,1,0,1,0,0,0,0,0,0,0,0,0
60499.98,1,16.0,2304000.0,165,32,1024.0,2,2,0,90.0,4.0,1,0,0,0,0,1,0,0,0,0,1,0,0
41038.76,1,15.6,2073600.0,144,32,1024.0,2,1,0,53.5,3.0,1,0,0,0,0,1,0,0,0,0,1,0,0
45589.0,1,15.6,2073600.0,144,64,1024.0,3,1,0,73.15590725806452,4.0,1,0,0,0,0,1,0,0,0,0,1,0,0
87999.0,0,15.6,2304000.0,165,16,1024.0,0,3,1,86.0,6.0,0,1,0,0,0,1,0,0,0,0,1,0,0
44899.0,1,15.6,2073600.0,165,32,1024.0,3,1,0,57.5,4.0,0,0,0,0,0,1,0,0,0,0,1,0,0
108475.13,0,15.6,2304000.0,60,64,1024.0,0,3,1,86.0,6.0,0,1,0,0,0,1,0,0,0,0,1,0,0
31807.76,1,15.6,2073600.0,144,32,1024.0,2,1,0,62.32,4.0,0,1,0,0,0,1,0,0,0,1,0,0,0
42999.0,1,16.1,2073600.0,144,16,512.0,3,1,0,70.0,4.0,0,1,0,1,0,0,0,1,0,0,0,0,0
78630.13,0,15.6,2073600.0,165,64,2048.0,2,1,0,68.0,4.0,0,1,0,0,0,1,0,0,0,0,1,0,0
44555.0,1,15.6,2073600.0,144,32,2048.0,3,1,0,73.15590725806452,4.0,1,0,0,0,0,1,0,0,0,0,1,0,0
78241.83,0,15.6,2073600.0,165,64,2048.0,2,1,0,68.0,4.0,0,1,0,0,0,1,0,0,0,0,1,0,0
47469.0,1,15.6,2073600.0,144,64,512.0,3,1,0,73.15590725806452,4.0,1,0,0,0,0,1,0,0,0,0,1,0,0
61999.98,1,16.0,2304000.0,165,32,512.0,2,2,0,90.0,4.0,0,1,0,0,0,1,0,0,0,0,1,0,0
52712.0,1,16.0,2304000.0,165,16,512.0,2,2,0,90.0,4.0,0,1,0,0,0,1,0,0,0,0,1,0,0
60499.98,1,16.0,2304000.0,165,32,512.0,2,2,0,90.0,4.0,0,1,0,0,0,1,0,0,0,0,1,0,0
46341.0,1,15.6,2073600.0,144,64,512.0,3,1,0,73.15590725806452,4.0,0,1,0,0,0,1,0,0,0,0,1,0,0
33060.82,1,15.6,2073600.0,144,32,1024.0,1,2,0,54.0,4.0,1,0,0,0,0,1,0,0,0,1,0,0,0
45119.0,1,15.6,2073600.0,144,64,512.0,3,1,0,73.15590725806452,4.0,0,1,0,0,0,1,0,0,0,0,1,0,0
44649.0,1,15.6,2073600.0,165,32,1024.0,3,1,0,73.15590725806452,4.0,1,0,0,0,0,1,0,0,0,0,1,0,0
124000.0,0,17.3,2304000.0,60,16,512.0,0,4,1,97.0,6.0,0,1,0,0,0,1,0,0,0,0,0,1,0
45999.0,1,15.6,2073600.0,144,16,512.0,2,2,0,90.0,4.0,0,1,0,1,0,0,0,0,0,0,0,0,0
39291.0,1,15.6,2073600.0,120,64,2048.0,3,1,0,56.0,3.0,0,1,0,0,0,1,0,0,0,1,0,0,0
87999.0,0,14.0,2304000.0,60,32,512.0,0,4,1,72.0,4.0,0,1,0,0,0,1,0,0,0,0,1,0,0
56499.0,1,16.0,2304000.0,165,48,512.0,2,2,0,90.0,4.0,1,0,0,0,0,1,0,0,0,0,1,0,0
36283.0,1,15.6,2073600.0,144,32,2048.0,2,1,0,70.0,4.0,0,1,0,0,0,1,0,0,0,1,0,0,0
63499.98,1,16.0,2304000.0,165,16,2048.0,2,2,0,90.0,4.0,0,1,0,0,0,1,0,0,0,0,1,0,0
45939.0,1,15.6,2073600.0,144,16,1024.0,2,1,0,53.5,3.0,1,0,0,1,0,0,0,0,0,0,0,0,0
61999.98,1,16.0,2304000.0,165,16,2048.0,2,2,0,90.0,4.0,0,1,0,0,0,1,0,0,0,0,1,0,0
41499.0,1,15.6,2073600.0,144,32,1024.0,3,1,0,61.0,4.0,0,1,0,0,0,1,0,0,0,1,0,0,0
44599.0,1,17.3,2073600.0,144,16,1024.0,3,1,0,62.32,4.0,0,1,0,0,0,1,0,0,0,0,1,0,0
72100.0,0,15.6,8294400.0,165,32,1024.0,2,2,0,80.0,4.0,0,1,0,0,0,1,0,0,0,0,0,1,0
44999.0,1,16.0,2304000.0,165,16,512.0,2,2,0,90.0,4.0,1,0,0,0,0,1,0,0,0,0,1,0,0
56699.0,1,16.0,2304000.0,165,32,1024.0,2,2,0,90.0,4.0,1,0,0,0,0,1,0,0,0,0,1,0,0
45119.0,1,15.6,2073600.0,165,32,512.0,3,1,0,73.15590725806452,4.0,0,1,0,0,0,1,0,0,0,0,1,0,0
96569.0,0,17.3,2073600.0,165,64,1024.0,2,3,0,94.0,4.0,0,1,0,0,0,1,0,0,0,0,1,0,0
50477.0,1,15.6,2073600.0,144,64,512.0,3,1,0,73.15590725806452,4.0,1,0,0,0,0,1,0,0,0,0,1,0,0
50496.0,1,15.6,2073600.0,144,64,512.0,3,1,0,73.15590725806452,4.0,1,0,0,0,0,1,0,0,0,0,1,0,0
36000.0,1,15.6,2073600.0,144,32,1024.0,2,1,0,62.32,4.0,0,1,0,0,0,1,0,0,0,0,1,0,0
39999.0,1,16.1,2073600.0,144,16,1024.0,3,1,0,70.0,4.0,1,0,0,0,0,1,0,0,0,0,1,0,0
52999.0,1,16.1,2073600.0,144,16,1024.0,3,2,0,83.0,6.0,0,1,0,1,0,0,0,0,0,0,0,0,0
87499.0,0,17.3,2073600.0,165,32,1024.0,2,3,0,94.0,4.0,0,1,0,0,0,1,0,0,0,0,1,0,0
41199.0,1,15.6,2073600.0,144,16,1024.0,2,1,0,62.32,4.0,0,1,0,0,0,1,0,0,0,0,1,0,0
54999.0,1,16.0,4096000.0,165,16,512.0,3,2,0,90.0,4.0,0,1,0,0,0,1,0,0,0,0,1,0,0
77564.0,0,15.6,8294400.0,165,32,1024.0,2,1,0,68.0,4.0,0,1,0,0,0,1,0,0,0,0,1,0,0
30999.0,1,17.3,2073600.0,144,32,1024.0,3,1,0,62.32,4.0,1,0,0,0,0,1,0,0,0,1,0,0,0
74100.0,0,15.6,2073600.0,165,32,1024.0,2,3,0,94.0,4.0,0,1,0,0,0,1,0,0,0,0,1,0,0
43899.0,1,15.6,2073600.0,144,32,1024.0,1,2,0,54.0,4.0,0,1,0,0,0,1,0,0,0,1,0,0,0
59062.0,1,17.3,2073600.0,144,16,1024.0,2,1,0,90.0,4.0,1,0,0,0,0,1,0,0,0,0,1,0,0
56499.0,1,16.0,2304000.0,165,32,512.0,2,2,0,90.0,4.0,0,1,0,0,0,1,0,0,0,0,1,0,0
77999.0,0,16.0,2304000.0,165,16,512.0,2,2,0,95.0,8.0,0,1,0,0,0,1,0,0,0,0,1,0,0
46099.0,1,16.1,2073600.0,144,16,512.0,3,1,0,70.0,4.0,0,1,0,0,0,1,0,0,0,0,1,0,0
28986.43,1,15.6,2073600.0,144,32,1024.0,2,1,0,62.32,4.0,1,0,0,0,0,1,0,0,0,1,0,0,0
93297.8,0,17.3,2073600.0,165,32,512.0,2,3,0,94.0,4.0,0,1,0,0,0,1,0,0,0,0,1,0,0
55339.0,1,17.3,2073600.0,144,16,512.0,2,1,0,53.5,3.0,1,0,0,0,0,1,0,0,0,0,0,1,0
51981.0,1,16.0,2304000.0,165,32,1024.0,2,2,0,90.0,4.0,1,0,0,0,0,1,0,0,0,0,1,0,0
63449.0,1,17.3,3686400.0,165,16,1024.0,3,1,0,83.0,6.0,0,1,0,0,0,1,0,0,0,0,1,0,0
52499.0,1,16.0,4096000.0,165,32,512.0,4,2,0,80.0,4.0,0,1,0,0,0,1,0,0,0,0,1,0,0
61832.0,1,17.3,3686400.0,165,16,1024.0,3,1,0,83.0,6.0,0,1,0,0,0,1,0,0,0,0,1,0,0
54549.58,0,15.6,2073600.0,165,32,512.0,2,3,0,94.0,4.0,0,1,0,0,0,1,0,0,0,0,1,0,0
41999.0,1,16.0,4096000.0,165,16,512.0,3,1,0,86.0,6.0,0,0,0,0,0,1,0,0,0,0,1,0,0
51605.0,1,15.6,2073600.0,144,32,1024.0,3,1,0,73.15590725806452,4.0,0,1,0,0,0,1,0,0,0,0,1,0,0
51737.0,1,15.6,2073600.0,144,32,1024.0,3,1,0,73.15590725806452,4.0,0,1,0,0,0,1,0,0,0,0,1,0,0
46059.0,1,15.6,2073600.0,165,32,1024.0,3,1,0,57.5,4.0,0,1,0,0,0,1,0,0,0,0,1,0,0
39573.0,1,15.6,2073600.0,144,64,1024.0,3,1,0,73.15590725806452,4.0,0,1,0,0,0,1,0,0,0,1,0,0,0
50383.0,1,15.6,2073600.0,144,32,1024.0,3,1,0,73.15590725806452,4.0,0,1,0,0,0,1,0,0,0,0,1,0,0
50421.0,1,15.6,2073600.0,144,32,1024.0,3,1,0,73.15590725806452,4.0,0,1,0,0,0,1,0,0,0,0,1,0,0
60199.0,1,16.0,2304000.0,165,16,2048.0,2,2,0,90.0,4.0,0,1,0,0,0,1,0,0,0,0,1,0,0
45589.0,1,15.6,2073600.0,165,32,1024.0,3,1,0,57.5,4.0,0,1,0,0,0,1,0,0,0,0,1,0,0
31799.0,1,15.6,2073600.0,144,32,2048.0,2,1,0,52.0,3.0,1,0,0,0,0,1,0,0,0,0,1,0,0
58699.0,1,16.0,2304000.0,165,16,2048.0,2,2,0,90.0,4.0,0,1,0,0,0,1,0,0,0,0,1,0,0
42999.0,1,15.6,2073600.0,144,16,1024.0,2,1,0,70.0,4.0,0,1,0,0,0,1,0,0,0,0,1,0,0
39999.0,1,15.6,2073600.0,144,16,1024.0,2,1,0,70.0,4.0,0,1,0,0,0,1,0,0,0,0,1,0,0
92871.49,0,17.3,2073600.0,165,40,2048.0,2,3,0,94.0,4.0,0,1,0,0,0,1,0,0,0,0,1,0,0
72749.04,1,15.6,2073600.0,144,32,1024.0,3,1,0,65.0,4.0,1,0,0,0,0,1,0,0,0,0,1,0,0
92536.45,0,17.3,2073600.0,165,40,2048.0,2,3,0,94.0,4.0,0,1,0,0,0,1,0,0,0,0,1,0,0
41068.0,1,16.1,2073600.0,144,16,512.0,3,1,0,70.0,4.0,0,1,0,1,0,0,0,1,0,0,0,0,0
39197.0,1,15.6,2073600.0,144,32,2048.0,3,1,0,73.15590725806452,4.0,0,1,0,0,0,1,0,0,0,1,0,0,0
47012.5,1,15.6,3686400.0,165,64,2048.0,4,2,0,60.0,4.0,1,0,0,0,0,1,0,0,0,0,1,0,0
53673.0,1,16.0,2304000.0,165,32,512.0,2,2,0,90.0,4.0,0,1,0,0,0,1,0,0,0,0,1,0,0
28916.06,1,15.6,2073600.0,144,32,1024.0,2,1,0,62.32,4.0,1,0,0,0,0,1,0,0,0,1,0,0,0
35999.0,1,16.1,2073600.0,144,16,512.0,3,1,0,70.0,4.0,1,0,0,1,0,0,0,1,0,0,0,0,0
52075.0,1,16.0,2304000.0,165,32,512.0,2,2,0,90.0,4.0,0,1,0,0,0,1,0,0,0,0,1,0,0
34999.0,1,16.1,2073600.0,144,16,512.0,3,1,0,70.0,4.0,1,0,0,1,0,0,0,1,0,0,0,0,0
57714.77,1,17.3,3686400.0,240,32,1024.0,2,1,0,90.0,4.0,1,0,0,0,0,1,0,0,0,0,1,0,0
49900.0,1,15.6,2073600.0,165,16,1024.0,3,1,0,73.15590725806452,4.0,1,0,0,0,0,1,0,0,0,0,1,0,0
57999.0,1,16.0,4096000.0,165,16,512.0,2,1,0,63.0,4.0,1,0,0,0,0,1,0,0,0,0,1,0,0
39759.0,1,15.6,2073600.0,144,16,512.0,2,1,0,60.0,4.0,1,0,0,1,0,0,0,1,0,0,0,0,0
94042.68,0,16.0,2304000.0,165,16,2048.0,2,3,0,83.0,6.0,0,1,0,0,0,1,0,0,0,0,1,0,0
43991.0,1,15.6,2073600.0,144,64,512.0,3,1,0,73.15590725806452,4.0,1,0,0,0,0,1,0,0,0,0,1,0,0
107544.02,0,15.6,2304000.0,60,64,512.0,0,3,1,86.0,6.0,0,1,0,0,0,1,0,0,0,0,1,0,0
30361.9,1,15.6,2073600.0,144,32,1024.0,2,1,0,41.0,4.0,0,1,0,0,0,1,0,0,0,0,1,0,0
44399.0,1,15.6,2073600.0,144,16,512.0,3,1,0,99.0,4.0,0,1,0,0,0,1,0,0,0,0,1,0,0
92694.19,0,17.3,2073600.0,165,36,2048.0,2,3,0,94.0,4.0,0,1,0,0,0,1,0,0,0,0,1,0,0
54895.0,1,16.0,2304000.0,165,16,2048.0,2,2,0,90.0,4.0,0,1,0,0,0,1,0,0,0,0,1,0,0
53297.0,1,16.0,2304000.0,165,16,2048.0,2,2,0,90.0,4.0,0,1,0,0,0,1,0,0,0,0,1,0,0
92339.59,0,17.3,2073600.0,165,36,2048.0,2,3,0,94.0,4.0,0,1,0,0,0,1,0,0,0,0,1,0,0
48999.0,1,15.6,2073600.0,144,16,512.0,2,2,0,90.0,4.0,1,0,0,1,0,0,0,0,0,0,0,0,0
105774.86,0,15.6,2304000.0,60,32,1024.0,0,3,1,86.0,6.0,0,1,0,0,0,1,0,0,0,0,1,0,0
60499.98,1,16.0,2304000.0,165,16,2048.0,2,2,0,90.0,4.0,1,0,0,0,0,1,0,0,0,0,1,0,0
32799.0,1,15.6,2073600.0,144,32,1024.0,3,1,0,61.0,4.0,1,0,0,0,0,1,0,0,0,1,0,0,0
34199.0,1,17.3,2073600.0,144,16,1024.0,3,1,0,62.32,4.0,1,0,0,0,0,1,0,0,0,0,1,0,0
57099.0,1,16.0,2304000.0,165,24,1024.0,2,2,0,90.0,4.0,0,1,0,0,0,1,0,0,0,0,1,0,0
36095.04,1,16.1,2073600.0,144,16,1024.0,3,1,0,70.0,4.0,1,0,0,0,0,1,0,0,0,0,1,0,0
44179.0,1,15.6,2073600.0,165,32,512.0,3,1,0,73.15590725806452,4.0,1,0,0,0,0,1,0,0,0,0,1,0,0
92694.19,0,17.3,2073600.0,165,64,1024.0,2,3,0,94.0,4.0,0,1,0,0,0,1,0,0,0,0,1,0,0
41549.0,1,16.0,2304000.0,165,16,512.0,2,2,0,90.0,4.0,1,0,0,0,0,1,0,0,0,0,1,0,0
92516.89,0,17.3,2073600.0,165,64,1024.0,2,3,0,94.0,4.0,0,1,0,0,0,1,0,0,0,0,1,0,0
33999.0,1,15.6,2073600.0,144,32,1024.0,2,1,0,62.32,4.0,1,0,0,0,0,1,0,0,0,0,1,0,0
49379.0,1,15.6,2073600.0,144,16,1024.0,3,1,0,60.0,4.0,1,0,0,0,0,1,0,0,0,0,1,0,0
32289.71,1,15.6,2073600.0,144,16,1024.0,2,1,0,62.32,4.0,1,0,0,0,0,1,0,0,0,0,1,0,0
44837.0,1,15.6,2073600.0,144,32,1024.0,3,1,0,73.15590725806452,4.0,0,1,0,0,0,1,0,0,0,0,1,0,0
49999.0,1,17.3,2073600.0,144,16,1024.0,2,1,0,53.5,3.0,0,1,0,0,0,1,0,0,0,0,1,0,0
43709.0,1,15.6,2073600.0,144,32,1024.0,3,1,0,73.15590725806452,4.0,0,1,0,0,0,1,0,0,0,0,1,0,0
92339.59,0,17.3,2073600.0,165,32,2048.0,2,3,0,94.0,4.0,0,1,0,0,0,1,0,0,0,0,1,0,0
83985.0,0,15.6,2073600.0,165,32,512.0,1,2,0,83.0,6.0,0,1,0,0,0,1,0,0,0,0,0,1,0
91984.98,0,17.3,2073600.0,165,32,2048.0,2,3,0,94.0,4.0,0,1,0,0,0,1,0,0,0,0,1,0,0
54699.0,1,16.0,2304000.0,165,16,1024.0,2,2,0,90.0,4.0,1,0,0,0,0,1,0,0,0,0,1,0,0
54999.0,1,16.0,2304000.0,165,32,512.0,2,2,0,90.0,4.0,1,0,0,0,0,1,0,0,0,0,1,0,0
117139.0,0,17.3,2073600.0,60,16,512.0,2,3,0,93.0,6.0,0,1,0,0,0,1,0,0,0,0,1,0,0
44273.0,1,15.6,2073600.0,165,16,2048.0,3,1,0,73.15590725806452,4.0,1,0,0,0,0,1,0,0,0,0,1,0,0
45414.72,1,17.3,2073600.0,144,32,1024.0,1,1,0,73.15590725806452,4.0,1,0,0,0,0,1,0,0,0,0,1,0,0
40499.0,1,15.6,2073600.0,144,16,1024.0,1,1,0,54.0,4.0,0,1,0,0,0,1,0,0,0,0,1,0,0
62499.0,1,16.0,4096000.0,165,64,512.0,4,2,0,80.0,4.0,0,1,0,0,0,1,0,0,0,0,1,0,0
45589.0,1,15.6,2073600.0,144,32,512.0,3,1,0,73.15590725806452,4.0,0,1,0,0,0,1,0,0,0,0,1,0,0
43999.0,1,16.1,2073600.0,144,16,512.0,3,1,0,70.0,4.0,1,0,0,0,0,1,0,0,0,0,1,0,0
39999.0,1,15.6,2073600.0,144,16,512.0,3,1,0,60.0,4.0,0,1,0,0,0,1,0,0,0,0,1,0,0
50999.0,1,15.6,2073600.0,144,16,512.0,3,1,0,60.0,4.0,0,1,0,0,0,1,0,0,0,0,1,0,0
167136.07,0,15.6,8294400.0,165,32,1024.0,2,3,0,94.0,4.0,0,1,0,0,0,1,0,0,0,0,0,0,1
60225.0,1,17.3,3686400.0,165,16,1024.0,3,1,0,83.0,6.0,1,0,0,0,0,1,0,0,0,0,1,0,0
39999.0,1,15.6,2073600.0,144,16,500.0,2,1,0,62.32,4.0,0,1,0,0,0,1,0,0,0,0,1,0,0
44400.91,1,15.6,2073600.0,144,32,1024.0,1,1,0,73.15590725806452,4.0,1,0,0,0,0,1,0,0,0,0,1,0,0
49067.0,1,15.6,2073600.0,144,32,1024.0,3,1,0,73.15590725806452,4.0,1,0,0,0,0,1,0,0,0,0,1,0,0
49105.0,1,15.6,2073600.0,144,32,1024.0,3,1,0,73.15590725806452,4.0,1,0,0,0,0,1,0,0,0,0,1,0,0
57099.0,1,16.0,2304000.0,165,16,2048.0,2,2,0,90.0,4.0,1,0,0,0,0,1,0,0,0,0,1,0,0
32999.0,1,15.6,2073600.0,144,16,1024.0,2,1,0,70.0,4.0,1,0,0,0,0,1,0,0,0,0,1,0,0
47723.73,1,17.3,2073600.0,360,16,1024.0,2,1,0,90.0,4.0,1,0,0,0,0,1,0,0,0,0,1,0,0
33899.0,1,16.1,2073600.0,144,16,512.0,3,1,0,70.0,4.0,1,0,0,1,0,0,0,1,0,0,0,0,0
30799.0,1,16.1,2073600.0,144,16,512.0,3,1,0,70.0,4.0,1,0,0,1,0,0,0,1,0,0,0,0,0
44999.0,0,14.2,4233600.0,90,32,1024.0,1,2,0,60.0,4.0,0,1,0,0,0,1,0,0,0,0,0,1,0
69999.0,0,15.6,2304000.0,60,16,1024.0,0,3,1,86.0,6.0,0,1,0,0,0,1,0,0,0,0,1,0,0
28916.05,1,17.3,2073600.0,144,32,1024.0,2,1,0,41.0,4.0,1,0,0,0,0,1,0,0,0,0,1,0,0
40251.0,1,16.1,2073600.0,144,16,512.0,3,1,0,70.0,4.0,0,1,0,0,0,1,0,0,0,0,1,0,0
50477.0,1,16.0,2304000.0,165,32,512.0,2,2,0,90.0,4.0,1,0,0,0,0,1,0,0,0,0,1,0,0
76300.35,0,15.6,2073600.0,165,40,2048.0,2,1,0,68.0,4.0,0,1,0,0,0,1,0,0,0,0,1,0,0
75912.05,0,15.6,2073600.0,165,40,2048.0,2,1,0,68.0,4.0,0,1,0,0,0,1,0,0,0,0,1,0,0
58438.65,1,15.6,3686400.0,165,16,1024.0,2,2,0,90.0,4.0,1,0,0,1,0,0,0,1,0,0,0,0,0
39291.0,1,15.6,2073600.0,144,64,512.0,3,1,0,73.15590725806452,4.0,0,1,0,0,0,1,0,0,0,1,0,0,0
49913.0,1,15.6,2073600.0,144,32,512.0,3,1,0,73.15590725806452,4.0,0,1,0,0,0,1,0,0,0,0,1,0,0
50063.0,1,15.6,2073600.0,144,32,512.0,3,1,0,73.15590725806452,4.0,0,1,0,0,0,1,0,0,0,0,1,0,0
61609.0,0,15.6,2073600.0,165,32,512.0,2,2,0,64.0,4.0,0,1,0,0,0,1,0,0,0,0,1,0,0
33699.0,1,15.6,2073600.0,144,32,1024.0,3,1,0,61.0,4.0,1,0,0,0,0,1,0,0,0,0,1,0,0
38257.0,1,15.6,2073600.0,144,64,512.0,3,1,0,73.15590725806452,4.0,0,1,0,0,0,1,0,0,0,1,0,0,0
48691.0,1,15.6,2073600.0,144,32,512.0,3,1,0,73.15590725806452,4.0,0,1,0,0,0,1,0,0,0,0,1,0,0
48785.0,1,15.6,2073600.0,144,32,512.0,3,1,0,73.15590725806452,4.0,0,1,0,0,0,1,0,0,0,0,1,0,0
50539.0,0,14.0,2304000.0,165,32,1024.0,1,2,0,72.0,4.0,0,1,0,0,0,1,0,0,0,0,1,0,0
27470.21,1,15.6,2073600.0,144,32,1024.0,2,1,0,41.0,4.0,1,0,0,0,0,1,0,0,0,0,1,0,0
57999.0,1,17.3,2073600.0,360,32,1024.0,3,1,0,73.15590725806452,4.0,1,0,0,1,0,0,0,1,0,0,0,0,0
51699.0,1,16.0,2304000.0,165,16,2048.0,2,2,0,90.0,4.0,1,0,0,0,0,1,0,0,0,0,1,0,0
29699.0,1,15.6,2073600.0,144,32,1024.0,3,1,0,61.0,4.0,1,0,0,0,0,1,0,0,0,1,0,0,0
52075.0,1,15.6,2073600.0,144,16,2048.0,3,1,0,73.15590725806452,4.0,0,1,0,0,0,1,0,0,0,0,1,0,0
52150.0,1,15.6,2073600.0,144,16,2048.0,3,1,0,73.15590725806452,4.0,0,1,0,0,0,1,0,0,0,0,1,0,0
45683.0,1,15.6,2073600.0,165,16,2048.0,3,1,0,57.5,4.0,0,1,0,0,0,1,0,0,0,0,1,0,0
69999.0,1,16.0,4096000.0,165,16,512.0,3,3,0,80.0,4.0,0,1,0,0,0,1,0,0,0,0,1,0,0
50759.0,1,15.6,2073600.0,144,16,2048.0,3,1,0,73.15590725806452,4.0,0,1,0,0,0,1,0,0,0,0,1,0,0
75717.9,0,15.6,2073600.0,165,36,2048.0,2,1,0,68.0,4.0,0,1,0,0,0,1,0,0,0,0,1,0,0
50825.0,1,15.6,2073600.0,144,16,2048.0,3,1,0,73.15590725806452,4.0,0,1,0,0,0,1,0,0,0,0,1,0,0
45213.0,1,15.6,2073600.0,165,16,2048.0,3,1,0,57.5,4.0,0,1,0,0,0,1,0,0,0,0,1,0,0
52662.0,1,16.1,2073600.0,144,16,512.0,3,1,0,70.0,4.0,0,1,0,1,0,0,0,1,0,0,0,0,0
39999.0,1,16.1,2073600.0,144,16,512.0,3,1,0,70.0,4.0,0,1,0,1,0,0,0,1,0,0,0,0,0
93018.47,0,16.0,2304000.0,165,16,1024.0,2,3,0,83.0,6.0,0,1,0,0,0,1,0,0,0,0,1,0,0
55599.0,1,16.0,2304000.0,165,24,1024.0,2,2,0,90.0,4.0,1,0,0,0,0,1,0,0,0,0,1,0,0
36099.0,1,16.1,2073600.0,144,16,1024.0,3,1,0,70.0,4.0,1,0,0,0,0,1,0,0,0,1,0,0,0
75329.61,0,15.6,2073600.0,165,36,2048.0,2,1,0,68.0,4.0,0,1,0,0,0,1,0,0,0,0,1,0,0
36159.0,1,15.6,2073600.0,144,32,1024.0,1,2,0,54.0,4.0,1,0,0,0,0,1,0,0,0,1,0,0,0
39899.0,1,15.6,2073600.0,144,16,1024.0,1,2,0,54.0,4.0,1,0,0,0,0,1,0,0,0,0,1,0,0
46959.0,1,15.6,2073600.0,144,16,1024.0,2,1,0,53.5,3.0,1,0,0,0,0,1,0,0,0,0,1,0,0
40580.66,1,17.3,2073600.0,144,16,1024.0,2,1,0,53.5,3.0,0,1,0,0,0,1,0,0,0,0,1,0,0
39499.0,1,15.6,2073600.0,144,16,1024.0,3,1,0,61.0,4.0,0,1,0,0,0,1,0,0,0,0,1,0,0
49263.96,1,15.6,3686400.0,165,64,1024.0,4,2,0,60.0,4.0,0,1,0,0,0,1,0,0,0,0,1,0,0
75912.05,0,15.6,2073600.0,165,64,1024.0,2,1,0,68.0,4.0,0,1,0,0,0,1,0,0,0,0,1,0,0
42581.0,1,15.6,2073600.0,144,32,1024.0,3,1,0,73.15590725806452,4.0,1,0,0,0,0,1,0,0,0,0,1,0,0
44999.0,1,17.3,2073600.0,144,16,1024.0,2,1,0,53.5,3.0,1,0,0,0,0,1,0,0,0,0,1,0,0
75523.76,0,15.6,2073600.0,165,64,1024.0,2,1,0,68.0,4.0,0,1,0,0,0,1,0,0,0,0,1,0,0
105123.08,0,15.6,2304000.0,60,32,1024.0,0,3,1,86.0,6.0,0,1,0,0,0,1,0,0,0,0,1,0,0
44585.0,0,14.0,2073600.0,165,64,2048.0,3,1,0,51.0,3.0,0,1,0,0,0,1,0,0,0,0,1,0,0
56799.0,1,16.0,2304000.0,165,24,512.0,2,2,0,90.0,4.0,0,1,0,0,0,1,0,0,0,0,1,0,0
39699.0,1,17.3,2073600.0,144,16,512.0,3,1,0,62.32,4.0,1,0,0,0,0,1,0,0,0,0,1,0,0
32699.0,1,15.6,2073600.0,144,32,500.0,3,1,0,61.0,4.0,1,0,0,0,0,1,0,0,0,1,0,0,0
34999.0,1,16.1,2073600.0,144,16,512.0,3,1,0,70.0,4.0,1,0,0,0,0,1,0,0,0,0,1,0,0
55399.0,1,16.0,2304000.0,165,24,512.0,2,2,0,90.0,4.0,0,1,0,0,0,1,0,0,0,0,1,0,0
34999.0,1,16.1,2073600.0,144,16,512.0,3,1,0,70.0,4.0,0,1,0,0,0,1,0,0,0,1,0,0,0
91984.98,0,17.3,2073600.0,165,64,512.0,2,3,0,94.0,4.0,0,1,0,0,0,1,0,0,0,0,1,0,0
75523.76,0,15.6,2073600.0,165,32,2048.0,2,1,0,68.0,4.0,0,1,0,0,0,1,0,0,0,0,1,0,0
91984.98,0,17.3,2073600.0,165,64,500.0,2,3,0,94.0,4.0,0,1,0,0,0,1,0,0,0,0,1,0,0
92004.43,0,17.3,2073600.0,165,64,512.0,2,3,0,94.0,4.0,0,1,0,0,0,1,0,0,0,0,1,0,0
44999.0,1,15.6,2073600.0,144,16,512.0,3,1,0,60.0,4.0,0,1,0,0,0,1,0,0,0,0,1,0,0
75135.46,0,15.6,2073600.0,165,32,2048.0,2,1,0,68.0,4.0,0,1,0,0,0,1,0,0,0,0,1,0,0
37799.0,1,15.6,2073600.0,144,32,500.0,2,1,0,62.32,4.0,1,0,0,0,0,1,0,0,0,0,1,0,0
91984.98,0,17.3,2073600.0,165,64,500.0,2,3,0,94.0,4.0,0,1,0,0,0,1,0,0,0,0,1,0,0
43234.0,1,16.1,2073600.0,144,16,512.0,3,1,0,70.0,4.0,0,1,0,0,0,1,0,0,0,1,0,0,0
36399.0,1,15.6,2073600.0,144,16,512.0,2,1,0,62.32,4.0,1,0,0,0,0,1,0,0,0,0,1,0,0
43145.0,1,15.6,2073600.0,144,32,512.0,3,1,0,73.15590725806452,4.0,0,1,0,0,0,1,0,0,0,0,1,0,0
45599.0,1,16.1,2073600.0,144,16,1024.0,3,1,0,70.0,4.0,1,0,0,0,0,1,0,0,0,0,1,0,0
42017.0,1,15.6,2073600.0,144,32,512.0,3,1,0,73.15590725806452,4.0,0,1,0,0,0,1,0,0,0,0,1,0,0
60399.98,1,16.0,2304000.0,165,16,1024.0,2,2,0,90.0,4.0,0,1,0,0,0,1,0,0,0,0,1,0,0
113990.63,0,15.6,2073600.0,165,32,1024.0,2,3,0,94.0,4.0,0,1,0,0,0,1,0,0,0,0,1,0,0
92180.45,0,16.0,2304000.0,165,16,1024.0,2,3,0,83.0,6.0,0,1,0,0,0,1,0,0,0,0,1,0,0
34899.0,1,15.6,2073600.0,144,16,1024.0,3,1,0,59.0,4.0,1,0,0,1,0,0,0,1,0,0,0,0,0
45213.0,1,15.6,2073600.0,144,16,2048.0,3,1,0,73.15590725806452,4.0,0,1,0,0,0,1,0,0,0,0,1,0,0
44085.0,1,15.6,2073600.0,144,16,2048.0,3,1,0,73.15590725806452,4.0,0,1,0,0,0,1,0,0,0,0,1,0,0
55850.0,1,16.1,2073600.0,144,16,512.0,3,1,0,70.0,4.0,0,1,0,0,0,1,0,0,0,0,1,0,0
58029.0,1,16.0,2304000.0,165,16,512.0,2,2,0,90.0,4.0,1,0,0,0,0,1,0,0,0,0,1,0,0
53349.03,1,15.6,2073600.0,144,16,1024.0,2,2,0,76.0,4.0,0,1,0,0,0,1,0,0,0,0,1,0,0
94601.36,0,17.3,2073600.0,165,32,1024.0,2,3,0,94.0,4.0,0,1,0,0,0,1,0,0,0,0,1,0,0
47375.0,1,15.6,2073600.0,144,32,512.0,3,1,0,73.15590725806452,4.0,1,0,0,0,0,1,0,0,0,0,1,0,0
47516.0,1,15.6,2073600.0,144,32,512.0,3,1,0,73.15590725806452,4.0,1,0,0,0,0,1,0,0,0,0,1,0,0
54999.0,1,16.0,4096000.0,165,32,1024.0,4,2,0,80.0,4.0,0,1,0,0,0,1,0,0,0,0,1,0,0
54756.09,1,15.6,2073600.0,165,16,1024.0,3,1,0,73.15590725806452,4.0,0,1,0,0,0,1,0,0,0,0,1,0,0
41199.0,1,15.6,2073600.0,144,16,1024.0,1,2,0,54.0,4.0,0,1,0,0,0,1,0,0,0,1,0,0,0
50321.36,1,15.6,2073600.0,165,16,1024.0,3,1,0,73.15590725806452,4.0,0,1,0,0,0,1,0,0,0,0,1,0,0
29799.0,1,15.6,2073600.0,144,32,500.0,2,1,0,52.0,3.0,1,0,0,0,0,1,0,0,0,0,1,0,0
40648.19,1,17.3,2073600.0,144,16,500.0,2,1,0,53.5,3.0,1,0,0,0,0,1,0,0,0,0,1,0,0
32499.0,1,15.6,2073600.0,144,32,2048.0,3,1,0,61.0,4.0,1,0,0,0,0,1,0,0,0,1,0,0,0
35450.0,1,15.6,2073600.0,165,16,1024.0,2,1,0,60.0,4.0,1,0,0,0,0,1,0,0,0,0,1,0,0
57004.59,1,17.3,2073600.0,144,64,1024.0,1,1,0,73.15590725806452,4.0,1,0,0,0,0,1,0,0,0,0,1,0,0
32559.0,1,16.1,2073600.0,144,16,1024.0,3,1,0,70.0,4.0,1,0,0,0,0,1,0,0,0,1,0,0,0
65304.0,0,14.5,5184000.0,120,16,1024.0,1,2,0,70.0,3.0,0,1,0,0,0,1,0,0,0,0,0,1,0
37999.0,0,14.0,5184000.0,90,16,1024.0,1,1,0,63.0,3.0,0,1,0,1,0,0,0,0,0,0,0,0,0
49443.0,1,15.6,2073600.0,144,16,2048.0,3,1,0,73.15590725806452,4.0,1,0,0,0,0,1,0,0,0,0,1,0,0
49499.0,1,15.6,2073600.0,144,16,2048.0,3,1,0,73.15590725806452,4.0,1,0,0,0,0,1,0,0,0,0,1,0,0
42999.0,1,16.1,2073600.0,144,16,512.0,3,1,0,70.0,4.0,1,0,0,1,0,0,0,1,0,0,0,0,0
56499.0,1,16.0,2304000.0,165,16,1024.0,2,2,0,90.0,4.0,0,1,0,0,0,1,0,0,0,0,1,0,0
37499.0,1,15.6,2073600.0,144,16,512.0,2,2,0,90.0,4.0,1,0,0,1,0,0,0,1,0,0,0,0,0
55574.05,0,15.6,2073600.0,165,32,512.0,2,3,0,94.0,4.0,0,1,0,0,0,1,0,0,0,0,1,0,0
91098.46,0,17.3,2073600.0,165,40,1024.0,2,3,0,94.0,4.0,0,1,0,0,0,1,0,0,0,0,1,0,0
35899.0,1,15.6,2073600.0,144,32,1024.0,3,1,0,59.0,4.0,1,0,0,1,0,0,0,1,0,0,0,0,0
91098.46,0,17.3,2073600.0,165,40,1024.0,2,3,0,94.0,4.0,0,1,0,0,0,1,0,0,0,0,1,0,0
64999.0,0,16.0,2304000.0,165,16,256.0,2,3,0,83.0,6.0,0,1,0,0,0,1,0,0,0,0,1,0,0
25201.0,1,16.1,2073600.0,144,16,1024.0,3,1,0,70.0,4.0,1,0,0,1,0,0,1,0,0,0,0,0,0
30699.0,1,15.6,2073600.0,144,32,500.0,2,1,0,41.0,4.0,1,0,0,0,0,1,0,0,0,0,1,0,0
28349.0,1,15.6,2073600.0,144,32,1024.0,2,1,0,52.0,3.0,1,0,0,0,0,1,0,0,0,0,1,0,0
59400.0,0,16.0,4096000.0,165,16,1024.0,2,2,0,90.0,4.0,0,1,0,0,0,1,0,0,0,0,1,0,0
37787.0,1,15.6,2073600.0,144,32,1024.0,3,1,0,73.15590725806452,4.0,0,1,0,0,0,1,0,0,0,1,0,0,0
47329.0,1,17.3,2073600.0,144,16,1024.0,2,1,0,53.5,3.0,1,0,0,0,0,1,0,0,0,0,1,0,0
45092.53,1,15.6,3686400.0,165,64,1024.0,4,2,0,60.0,4.0,1,0,0,0,0,1,0,0,0,0,1,0,0
36753.0,1,15.6,2073600.0,144,32,1024.0,3,1,0,73.15590725806452,4.0,0,1,0,0,0,1,0,0,0,1,0,0,0
44999.0,1,15.6,2073600.0,144,16,512.0,3,1,0,51.0,3.0,0,1,0,0,0,1,0,0,0,0,1,0,0
30999.0,1,15.6,2073600.0,144,32,500.0,3,1,0,61.0,4.0,1,0,0,0,0,1,0,0,0,1,0,0,0
102609.04,0,17.3,2304000.0,60,16,512.0,0,4,1,97.0,6.0,0,1,0,0,0,1,0,0,0,0,1,0,0
57999.0,0,13.5,2457600.0,165,32,2048.0,1,2,1,66.0,4.0,0,1,0,0,0,1,0,0,0,0,1,0,0
62699.01,0,15.6,2073600.0,60,32,1024.0,1,2,0,99.0,4.0,0,1,0,0,0,1,0,0,0,0,1,0,0
91807.68,0,17.3,2073600.0,165,24,2048.0,2,3,0,94.0,4.0,0,1,0,0,0,1,0,0,0,0,1,0,0
42549.0,1,16.0,2304000.0,165,16,512.0,2,2,0,90.0,4.0,1,0,0,0,0,1,0,0,0,0,1,0,0
91472.41,0,17.3,2073600.0,165,24,2048.0,2,3,0,94.0,4.0,0,1,0,0,0,1,0,0,0,0,1,0,0
34999.0,1,15.6,2073600.0,144,16,1024.0,3,1,0,61.0,4.0,1,0,0,0,0,1,0,0,0,0,1,0,0
53899.0,1,16.0,2304000.0,165,24,512.0,2,2,0,90.0,4.0,1,0,0,0,0,1,0,0,0,0,1,0,0
43626.0,0,14.0,2073600.0,165,64,2048.0,3,1,0,51.0,3.0,1,0,0,0,0,1,0,0,0,0,1,0,0
82402.0,0,15.6,2073600.0,165,16,512.0,2,2,0,64.0,4.0,0,1,0,0,0,1,0,0,0,0,1,0,0
37399.0,1,15.6,2073600.0,144,16,512.0,2,1,0,53.5,3.0,1,0,0,1,0,0,0,1,0,0,0,0,0
37999.0,1,17.3,2073600.0,144,16,512.0,3,1,0,90.0,4.0,1,0,0,0,0,1,0,0,0,0,1,0,0
56700.0,0,15.6,2073600.0,165,16,512.0,3,1,0,83.0,6.0,0,1,0,0,0,1,0,0,0,0,1,0,0
55000.0,1,15.6,2073600.0,144,16,1024.0,3,1,0,70.9,6.0,1,0,0,1,0,0,0,0,0,0,0,0,0
32999.0,1,16.1,2073600.0,144,16,512.0,3,1,0,70.0,4.0,1,0,0,0,0,1,0,0,0,1,0,0,0
53485.0,1,16.0,2304000.0,165,16,1024.0,2,2,0,90.0,4.0,0,1,0,0,0,1,0,0,0,0,1,0,0
90921.16,0,17.3,2073600.0,165,36,1024.0,2,3,0,94.0,4.0,0,1,0,0,0,1,0,0,0,0,1,0,0
51887.0,1,16.0,2304000.0,165,16,1024.0,2,2,0,90.0,4.0,0,1,0,0,0,1,0,0,0,0,1,0,0
43000.0,1,15.6,2073600.0,144,16,512.0,2,2,0,76.0,4.0,0,1,0,0,0,1,0,0,0,0,1,0,0
75135.46,0,15.6,2073600.0,165,64,512.0,2,1,0,68.0,4.0,0,1,0,0,0,1,0,0,0,0,1,0,0
93120.57,0,17.3,2073600.0,165,36,1024.0,2,3,0,94.0,4.0,0,1,0,0,0,1,0,0,0,0,1,0,0
40889.0,1,15.6,2073600.0,144,32,512.0,3,1,0,73.15590725806452,4.0,1,0,0,0,0,1,0,0,0,0,1,0,0
39099.0,1,15.6,2073600.0,144,8,500.0,2,1,0,62.32,4.0,0,1,0,0,0,1,0,0,0,0,1,0,0
32499.0,1,16.1,2073600.0,144,16,512.0,3,1,0,70.0,4.0,1,0,0,1,0,0,1,0,0,0,0,0,0
37662.5,1,15.6,2073600.0,165,16,1024.0,2,1,0,53.5,3.0,1,0,0,0,0,1,0,0,0,0,1,0,0
77743.77,0,15.6,2073600.0,165,64,500.0,2,1,0,68.0,4.0,0,1,0,0,0,1,0,0,0,0,1,0,0
74747.16,0,15.6,2073600.0,165,64,512.0,2,1,0,68.0,4.0,0,1,0,0,0,1,0,0,0,0,1,0,0
32999.0,1,16.1,2073600.0,144,16,512.0,3,1,0,70.0,4.0,0,1,0,1,0,0,1,0,0,0,0,0,0
28899.0,1,15.6,2073600.0,144,32,1024.0,2,1,0,52.0,3.0,1,0,0,0,0,1,0,0,0,0,1,0,0
80148.22,0,15.6,2073600.0,165,64,500.0,2,1,0,68.0,4.0,0,1,0,0,0,1,0,0,0,0,1,0,0
104098.83,0,15.6,2304000.0,60,32,512.0,0,3,1,86.0,6.0,0,1,0,0,0,1,0,0,0,0,1,0,0
58899.98,1,16.0,2304000.0,165,16,1024.0,2,2,0,90.0,4.0,1,0,0,0,0,1,0,0,0,0,1,0,0
129999.0,0,16.2,7720704.0,120,64,1024.0,0,3,0,100.0,4.0,0,0,1,0,1,0,0,0,1,0,0,0,0
101831.63,0,15.6,2073600.0,165,32,1024.0,2,3,0,94.0,4.0,0,1,0,0,0,1,0,0,0,0,1,0,0
37999.0,1,15.6,3686400.0,165,32,512.0,4,2,0,60.0,4.0,1,0,0,0,0,1,0,0,0,0,1,0,0
38649.0,1,15.6,2073600.0,165,16,1024.0,3,1,0,57.5,4.0,0,0,0,0,0,1,0,0,0,0,1,0,0
38699.0,1,15.6,2073600.0,144,16,512.0,1,1,0,54.0,4.0,1,0,0,0,0,1,0,0,0,0,1,0,0
59299.0,1,16.0,4096000.0,165,16,1024.0,2,1,0,63.0,4.0,1,0,0,0,0,1,0,0,0,0,1,0,0
38411.04,1,16.1,2073600.0,144,64,512.0,3,1,0,70.0,4.0,0,1,0,1,0,0,1,0,0,0,0,0,0
30299.0,1,16.1,2073600.0,144,16,512.0,3,1,0,70.0,4.0,1,0,0,1,0,0,0,1,0,0,0,0,0
32832.0,1,15.6,2073600.0,144,16,512.0,3,1,0,60.0,4.0,1,0,0,0,0,1,0,0,0,1,0,0,0
35099.0,1,15.6,2073600.0,144,16,1024.0,2,1,0,62.32,4.0,0,1,0,0,0,1,0,0,0,1,0,0,0
37610.78,1,16.1,2073600.0,144,64,512.0,3,1,0,70.0,4.0,0,1,0,1,0,0,1,0,0,0,0,0,0
30999.0,1,16.1,2073600.0,144,16,512.0,3,1,0,70.0,4.0,1,0,0,1,0,0,0,1,0,0,0,0,0
28999.0,1,16.1,2073600.0,144,16,512.0,3,1,0,70.0,4.0,1,0,0,1,0,0,0,1,0,0,0,0,0
69385.67,0,15.6,2073600.0,165,32,512.0,2,3,0,94.0,4.0,0,1,0,0,0,1,0,0,0,0,1,0,0
29408.0,1,15.6,2073600.0,144,16,512.0,2,1,0,70.0,4.0,0,1,0,0,0,1,0,0,0,1,0,0,0
49999.0,1,15.6,2073600.0,165,16,1024.0,3,1,0,73.15590725806452,4.0,0,0,0,0,0,1,0,0,0,0,1,0,0
45999.0,1,15.6,2073600.0,144,16,1024.0,3,1,0,57.0,4.0,0,1,0,0,0,1,0,0,0,0,1,0,0
90566.55,0,17.3,2073600.0,165,32,1024.0,2,3,0,94.0,4.0,0,1,0,0,0,1,0,0,0,0,1,0,0
60299.98,1,16.0,2304000.0,165,16,512.0,2,2,0,90.0,4.0,0,1,0,0,0,1,0,0,0,0,1,0,0
29999.0,1,16.1,2073600.0,144,16,512.0,3,1,0,83.0,6.0,0,1,0,1,0,0,0,1,0,0,0,0,0
58799.98,1,16.0,2304000.0,165,16,512.0,2,2,0,90.0,4.0,0,1,0,0,0,1,0,0,0,0,1,0,0
45599.0,1,15.6,2073600.0,144,16,500.0,1,2,0,54.0,4.0,0,1,0,0,0,1,0,0,0,0,1,0,0
32771.66,1,15.6,2073600.0,144,16,1024.0,1,2,0,54.0,4.0,1,0,0,0,0,1,0,0,0,1,0,0,0
42769.0,1,15.6,2073600.0,165,16,1024.0,3,1,0,73.15590725806452,4.0,1,0,0,0,0,1,0,0,0,0,1,0,0
41499.0,1,15.6,2073600.0,144,16,1024.0,2,1,0,53.5,3.0,1,0,0,0,0,1,0,0,0,0,1,0,0
28999.0,0,16.0,4096000.0,60,16,512.0,2,2,0,71.0,4.0,1,0,0,1,0,0,1,0,0,0,0,0,0
49900.0,0,15.6,2073600.0,165,16,512.0,3,1,0,83.0,6.0,0,1,0,0,0,1,0,0,0,0,1,0,0
47345.0,0,15.6,4665600.0,120,16,512.0,2,2,0,70.0,3.0,0,1,0,0,0,1,0,0,0,1,0,0,0
61599.0,1,16.0,4096000.0,165,16,500.0,2,1,0,63.0,4.0,0,1,0,0,0,1,0,0,0,0,1,0,0
36999.0,1,15.6,2073600.0,144,16,1024.0,3,1,0,61.0,4.0,0,1,0,0,0,1,0,0,0,1,0,0,0
39699.0,1,15.6,2073600.0,165,16,1024.0,3,1,0,86.0,6.0,0,1,0,1,0,0,0,1,0,0,0,0,0
31999.0,1,15.6,2073600.0,144,16,512.0,3,1,0,57.5,4.0,0,0,0,1,0,0,0,1,0,0,0,0,0
52499.0,1,16.0,4096000.0,165,32,512.0,4,2,0,80.0,4.0,0,1,0,0,0,1,0,0,0,0,1,0,0
54999.0,1,16.0,2304000.0,165,16,1024.0,2,2,0,90.0,4.0,1,0,0,0,0,1,0,0,0,0,1,0,0
39669.0,1,15.6,2073600.0,144,8,512.0,2,2,0,90.0,4.0,0,1,0,1,0,0,0,1,0,0,0,0,0
69999.0,1,17.3,2073600.0,144,16,1024.0,2,1,0,53.5,3.0,1,0,0,0,0,1,0,0,0,0,1,0,0
89999.0,0,15.6,2304000.0,60,16,512.0,0,3,1,86.0,6.0,0,1,0,0,0,1,0,0,0,0,1,0,0
40799.0,1,15.6,2073600.0,144,16,512.0,3,1,0,51.0,3.0,1,0,0,0,0,1,0,0,0,0,1,0,0
32999.0,1,17.3,2073600.0,144,16,512.0,3,1,0,62.32,4.0,1,0,0,0,0,1,0,0,0,1,0,0,0
76381.04,0,15.6,2073600.0,165,40,1024.0,2,1,0,68.0,4.0,0,1,0,0,0,1,0,0,0,0,1,0,0
33083.8,1,16.1,2073600.0,144,16,512.0,3,1,0,70.0,4.0,1,0,0,0,0,1,0,0,0,1,0,0,0
34999.0,1,16.1,2073600.0,144,16,512.0,3,1,0,70.0,4.0,0,1,0,0,0,1,0,0,0,1,0,0,0
73193.97,0,15.6,2073600.0,165,40,1024.0,2,1,0,68.0,4.0,0,1,0,0,0,1,0,0,0,0,1,0,0
97253.0,0,17.3,2073600.0,165,20,2048.0,2,3,0,94.0,4.0,0,1,0,0,0,1,0,0,0,0,1,0,0
91630.37,0,17.3,2073600.0,165,20,2048.0,2,3,0,94.0,4.0,0,1,0,0,0,1,0,0,0,0,1,0,0
91275.77,0,17.3,2073600.0,165,20,2048.0,2,3,0,94.0,4.0,0,1,0,0,0,1,0,0,0,0,1,0,0
42499.0,1,17.3,2073600.0,144,16,1024.0,2,1,0,53.5,3.0,1,0,0,0,0,1,0,0,0,0,1,0,0
74999.0,0,16.0,4096000.0,120,16,512.0,2,1,0,53.5,3.0,0,1,0,0,0,1,0,0,0,0,1,0,0
87829.63,0,17.3,2073600.0,165,32,512.0,3,3,0,94.0,4.0,0,1,0,0,0,1,0,0,0,0,1,0,0
54699.0,1,16.0,2304000.0,165,16,512.0,2,2,0,90.0,4.0,0,1,0,0,0,1,0,0,0,0,1,0,0
33799.0,1,15.6,2073600.0,144,16,1024.0,2,1,0,53.5,3.0,1,0,0,0,0,1,0,0,0,1,0,0,0
90389.24,0,17.3,2073600.0,165,40,512.0,2,3,0,94.0,4.0,0,1,0,0,0,1,0,0,0,0,1,0,0
74747.16,0,15.6,2073600.0,165,24,2048.0,2,1,0,68.0,4.0,0,1,0,0,0,1,0,0,0,0,1,0,0
90389.24,0,17.3,2073600.0,165,40,500.0,2,3,0,94.0,4.0,0,1,0,0,0,1,0,0,0,0,1,0,0
90389.24,0,17.3,2073600.0,165,40,512.0,2,3,0,94.0,4.0,0,1,0,0,0,1,0,0,0,0,1,0,0
74358.86,0,15.6,2073600.0,165,24,2048.0,2,1,0,68.0,4.0,0,1,0,0,0,1,0,0,0,0,1,0,0
27999.0,1,16.1,2073600.0,144,16,512.0,3,1,0,70.0,4.0,1,0,0,1,0,0,1,0,0,0,0,0,0
90389.24,0,17.3,2073600.0,165,40,500.0,2,3,0,94.0,4.0,0,1,0,0,0,1,0,0,0,0,1,0,0
36283.0,1,15.6,2073600.0,144,32,512.0,3,1,0,73.15590725806452,4.0,0,1,0,0,0,1,0,0,0,1,0,0,0
43090.6,1,15.6,3686400.0,165,64,512.0,4,2,0,60.0,4.0,1,0,0,0,0,1,0,0,0,0,1,0,0
29499.0,1,15.6,2073600.0,144,32,500.0,2,1,0,52.0,3.0,1,0,0,0,0,1,0,0,0,0,1,0,0
35249.0,1,15.6,2073600.0,144,32,512.0,3,1,0,73.15590725806452,4.0,0,1,0,0,0,1,0,0,0,1,0,0,0
50289.0,1,16.0,2304000.0,165,16,1024.0,2,2,0,90.0,4.0,1,0,0,0,0,1,0,0,0,0,1,0,0
36999.0,1,15.6,2073600.0,144,16,512.0,3,1,0,73.15590725806452,4.0,0,0,0,0,0,1,0,0,0,0,1,0,0
37905.68,1,17.3,2073600.0,144,16,512.0,2,1,0,53.5,3.0,0,1,0,0,0,1,0,0,0,0,1,0,0
46074.03,1,16.0,4096000.0,165,16,512.0,4,2,0,80.0,4.0,0,1,0,0,0,1,0,0,0,0,1,0,0
36499.0,1,16.1,2073600.0,144,32,1024.0,3,1,0,70.0,4.0,1,0,0,1,0,0,0,1,0,0,0,0,0
49913.0,1,15.6,2073600.0,144,16,1024.0,3,1,0,73.15590725806452,4.0,0,1,0,0,0,1,0,0,0,0,1,0,0
62999.0,1,17.3,2073600.0,240,16,1024.0,3,1,0,65.0,4.0,1,0,0,0,0,1,0,0,0,0,1,0,0
50063.0,1,15.6,2073600.0,144,16,1024.0,3,1,0,73.15590725806452,4.0,0,1,0,0,0,1,0,0,0,0,1,0,0
48691.0,1,15.6,2073600.0,144,16,1024.0,3,1,0,73.15590725806452,4.0,0,1,0,0,0,1,0,0,0,0,1,0,0
48785.0,1,15.6,2073600.0,144,16,1024.0,3,1,0,73.15590725806452,4.0,0,1,0,0,0,1,0,0,0,0,1,0,0
72999.83,0,15.6,2073600.0,165,36,1024.0,2,1,0,68.0,4.0,0,1,0,0,0,1,0,0,0,0,1,0,0
53499.0,1,16.0,4096000.0,165,16,512.0,4,2,0,80.0,4.0,0,1,0,0,0,1,0,0,0,0,1,0,0
72611.53,0,15.6,2073600.0,165,36,1024.0,2,1,0,68.0,4.0,0,1,0,0,0,1,0,0,0,0,1,0,0
34999.0,1,15.6,2073600.0,144,16,500.0,3,1,0,61.0,4.0,1,0,0,0,0,1,0,0,0,0,1,0,0
35999.0,0,15.6,2073600.0,165,40,2048.0,2,2,0,45.0,4.0,0,1,0,0,0,1,0,0,0,0,1,0,0
36999.0,0,15.6,2073600.0,165,40,2048.0,2,2,0,45.0,4.0,0,1,0,0,0,1,0,0,0,0,1,0,0
47724.08,1,15.6,2073600.0,144,16,512.0,2,1,0,53.5,3.0,0,1,0,0,0,1,0,0,0,0,1,0,0
40438.63,1,17.3,2073600.0,144,16,512.0,2,1,0,53.5,3.0,1,0,0,0,0,1,0,0,0,0,1,0,0
37317.0,1,15.6,2073600.0,144,16,2048.0,3,1,0,73.15590725806452,4.0,0,1,0,0,0,1,0,0,0,1,0,0,0
90211.94,0,17.3,2073600.0,165,36,512.0,2,3,0,94.0,4.0,0,1,0,0,0,1,0,0,0,0,1,0,0
58999.0,0,15.6,2073600.0,60,64,1024.0,3,1,0,52.0,3.0,0,1,0,0,0,1,0,0,0,0,1,0,0
36283.0,1,15.6,2073600.0,144,16,2048.0,3,1,0,73.15590725806452,4.0,0,1,0,0,0,1,0,0,0,1,0,0,0
27498.56,1,15.6,2073600.0,144,16,1024.0,2,1,0,62.32,4.0,1,0,0,0,0,1,0,0,0,1,0,0,0
36810.53,1,16.1,2073600.0,144,64,512.0,3,1,0,70.0,4.0,1,0,0,1,0,0,1,0,0,0,0,0,0
50477.0,1,16.0,2304000.0,165,16,512.0,2,2,0,90.0,4.0,0,1,0,0,0,1,0,0,0,0,1,0,0
90211.94,0,17.3,2073600.0,165,36,500.0,2,3,0,94.0,4.0,0,1,0,0,0,1,0,0,0,0,1,0,0
90211.94,0,17.3,2073600.0,165,36,512.0,2,3,0,94.0,4.0,0,1,0,0,0,1,0,0,0,0,1,0,0
28599.0,1,15.6,2073600.0,144,16,512.0,2,1,0,70.0,4.0,1,0,0,0,0,1,0,0,0,1,0,0,0
29499.0,1,15.6,2073600.0,144,16,512.0,2,1,0,70.0,4.0,1,0,0,0,0,1,0,0,0,1,0,0,0
29399.0,1,15.6,2073600.0,144,16,512.0,2,1,0,70.0,4.0,1,0,0,0,0,1,0,0,0,1,0,0,0
90211.94,0,17.3,2073600.0,165,36,500.0,2,3,0,94.0,4.0,0,1,0,0,0,1,0,0,0,0,1,0,0
74100.0,0,15.6,2073600.0,165,16,512.0,2,3,0,94.0,4.0,0,1,0,0,0,1,0,0,0,0,0,1,0
41999.0,1,15.6,2073600.0,144,16,1024.0,3,1,0,61.0,4.0,0,1,0,0,0,1,0,0,0,0,1,0,0
43146.0,0,14.0,2073600.0,165,64,1024.0,3,1,0,51.0,3.0,0,1,0,0,0,1,0,0,0,0,1,0,0
38607.96,1,15.6,2073600.0,144,16,512.0,2,1,0,53.5,3.0,1,0,0,0,0,1,0,0,0,0,1,0,0
45797.0,0,15.6,2073600.0,165,32,2048.0,2,2,0,57.0,4.0,0,1,0,0,0,1,0,0,0,0,1,0,0
41895.0,1,17.3,2073600.0,144,16,1024.0,2,1,0,53.5,3.0,0,1,0,0,0,1,0,0,0,0,1,0,0
32999.0,1,15.6,2073600.0,144,16,512.0,2,1,0,70.0,4.0,0,1,0,0,0,1,0,0,0,0,1,0,0
46995.51,0,15.6,2073600.0,165,32,2048.0,2,2,0,57.0,4.0,0,1,0,0,0,1,0,0,0,0,1,0,0
105999.0,0,16.2,7720704.0,120,36,512.0,0,3,0,100.0,4.0,0,0,1,0,1,0,0,0,0,0,0,0,0
105999.0,0,16.2,7720704.0,120,36,512.0,0,3,0,100.0,4.0,0,0,1,0,1,0,0,0,0,0,0,0,0
35999.0,1,15.6,2073600.0,165,16,512.0,3,1,0,57.5,4.0,0,0,0,0,0,1,0,0,0,0,1,0,0
77689.68,0,15.6,2073600.0,165,32,1024.0,2,1,0,68.0,4.0,0,1,0,0,0,1,0,0,0,0,1,0,0
26299.0,1,15.6,2073600.0,144,32,1024.0,2,1,0,52.0,3.0,1,0,0,0,0,1,0,0,0,1,0,0,0
23999.0,1,15.6,2073600.0,144,32,1024.0,2,1,0,52.0,3.0,1,0,0,0,0,1,0,0,0,1,0,0,0
72417.38,0,15.6,2073600.0,165,32,1024.0,2,1,0,68.0,4.0,0,1,0,0,0,1,0,0,0,0,1,0,0
38392.02,1,15.6,2073600.0,144,16,512.0,2,1,0,70.0,4.0,1,0,0,0,0,1,0,0,0,0,1,0,0
43299.0,1,17.3,2073600.0,144,16,500.0,3,1,0,62.32,4.0,0,1,0,0,0,1,0,0,0,0,1,0,0
27441.0,1,16.1,2073600.0,144,16,1024.0,3,1,0,70.0,4.0,1,0,0,1,0,0,0,1,0,0,0,0,0
52999.0,1,15.6,2073600.0,144,16,1024.0,2,1,0,53.5,4.0,0,1,0,0,0,1,0,0,0,0,1,0,0
37499.0,1,15.6,2073600.0,144,16,1024.0,3,1,0,61.0,4.0,0,1,0,0,0,1,0,0,0,1,0,0,0
41708.0,0,14.0,2073600.0,165,32,2048.0,3,1,0,51.0,3.0,0,1,0,0,0,1,0,0,0,0,1,0,0
47900.0,1,15.6,2073600.0,144,16,1024.0,2,2,0,53.8,3.0,1,0,0,0,0,1,0,0,0,0,1,0,0
49999.0,1,16.0,2304000.0,165,16,512.0,2,1,0,71.0,4.0,0,1,0,0,0,1,0,0,0,1,0,0,0
89857.34,0,17.3,2073600.0,165,32,512.0,2,3,0,94.0,4.0,0,1,0,0,0,1,0,0,0,0,1,0,0
104191.97,0,15.6,2304000.0,60,16,1024.0,0,3,1,86.0,6.0,0,1,0,0,0,1,0,0,0,0,1,0,0
32149.0,1,15.6,2073600.0,144,16,1024.0,3,1,0,61.0,4.0,1,0,0,0,0,1,0,0,0,1,0,0,0
95744.0,0,17.3,2073600.0,165,32,500.0,2,3,0,94.0,4.0,0,1,0,0,0,1,0,0,0,0,1,0,0
89876.34,0,17.3,2073600.0,165,32,512.0,2,3,0,94.0,4.0,0,1,0,0,0,1,0,0,0,0,1,0,0
34999.0,1,15.6,2073600.0,300,16,512.0,2,2,0,56.0,4.0,0,1,0,1,0,0,0,1,0,0,0,0,0
89857.34,0,17.3,2073600.0,165,32,500.0,2,3,0,94.0,4.0,0,1,0,0,0,1,0,0,0,0,1,0,0
64999.0,0,14.0,5184000.0,90,16,1024.0,1,2,0,63.0,3.0,0,1,0,1,0,0,0,0,0,0,0,0,0
54999.0,0,13.5,2457600.0,165,32,1024.0,1,2,1,66.0,4.0,0,1,0,0,0,1,0,0,0,0,1,0,0
36999.0,1,15.6,2073600.0,144,16,500.0,1,2,0,54.0,4.0,1,0,0,0,0,1,0,0,0,1,0,0,0
35250.0,1,15.6,2073600.0,144,8,512.0,2,2,0,90.0,4.0,0,1,0,1,0,0,0,1,0,0,0,0,0
34499.0,1,15.6,2073600.0,144,8,1024.0,3,1,0,57.5,4.0,1,0,0,0,0,1,0,0,0,0,1,0,0
34999.0,1,16.1,2073600.0,144,16,512.0,3,1,0,70.0,4.0,0,1,0,1,0,0,0,1,0,0,0,0,0
43145.0,1,15.6,2073600.0,144,16,1024.0,3,1,0,73.15590725806452,4.0,0,1,0,0,0,1,0,0,0,0,1,0,0
45000.0,1,15.6,3686400.0,165,16,1024.0,4,2,0,60.0,4.0,0,1,0,0,0,1,0,0,0,0,1,0,0
42017.0,1,15.6,2073600.0,144,16,1024.0,3,1,0,73.15590725806452,4.0,0,1,0,0,0,1,0,0,0,0,1,0,0
91098.46,0,17.3,2073600.0,165,16,2048.0,2,3,0,94.0,4.0,0,1,0,0,0,1,0,0,0,0,1,0,0
90743.85,0,17.3,2073600.0,165,16,2048.0,2,3,0,94.0,4.0,0,1,0,0,0,1,0,0,0,0,1,0,0
38849.0,1,16.1,2073600.0,144,16,512.0,3,1,0,70.0,4.0,1,0,0,1,0,0,0,1,0,0,0,0,0
48499.02,0,15.6,2073600.0,165,16,512.0,2,2,0,55.0,4.0,0,1,0,0,0,1,0,0,0,0,1,0,0
45599.0,0,14.0,5184000.0,90,32,1024.0,2,1,0,99.0,4.0,1,0,0,0,0,1,0,0,0,0,1,0,0
43603.82,1,17.3,2073600.0,144,16,1024.0,1,1,0,73.15590725806452,4.0,1,0,0,0,0,1,0,0,0,0,1,0,0
51409.02,0,14.0,5184000.0,90,16,1024.0,1,2,0,63.0,3.0,0,1,0,1,0,0,0,0,0,0,0,0,0
74164.72,0,15.6,2073600.0,165,20,2048.0,2,1,0,68.0,4.0,0,1,0,0,0,1,0,0,0,0,1,0,0
90000.0,0,16.2,7720704.0,120,32,1024.0,0,3,0,100.0,4.0,0,0,1,0,1,0,0,0,0,0,0,0,0
73776.42,0,15.6,2073600.0,165,20,2048.0,2,1,0,68.0,4.0,0,1,0,0,0,1,0,0,0,0,1,0,0
38699.0,1,15.6,2073600.0,144,16,500.0,2,1,0,62.32,4.0,0,1,0,0,0,1,0,0,0,0,1,0,0
104999.0,0,14.2,5939136.0,120,32,1024.0,0,3,0,70.0,4.0,0,0,1,0,1,0,0,0,0,0,0,0,0
40660.37,1,15.6,2073600.0,165,32,1024.0,2,1,0,60.0,4.0,1,0,0,1,0,0,0,1,0,0,0,0,0
81699.0,0,17.3,2073600.0,165,16,512.0,2,3,0,94.0,4.0,0,1,0,0,0,1,0,0,0,0,1,0,0
72805.68,0,15.6,2073600.0,165,40,512.0,2,1,0,68.0,4.0,0,1,0,0,0,1,0,0,0,0,1,0,0
52499.0,1,17.3,2073600.0,144,16,512.0,2,1,0,53.5,3.0,1,0,0,0,0,1,0,0,0,0,1,0,0
72417.38,0,15.6,2073600.0,165,40,512.0,2,1,0,68.0,4.0,0,1,0,0,0,1,0,0,0,0,1,0,0
32436.0,1,16.1,2073600.0,144,16,512.0,3,1,0,70.0,4.0,0,1,0,1,0,0,1,0,0,0,0,0,0
43314.37,1,15.6,2073600.0,144,16,1024.0,1,1,0,73.15590725806452,4.0,1,0,0,0,0,1,0,0,0,0,1,0,0
78040.9,0,15.6,2073600.0,165,40,500.0,2,1,0,68.0,4.0,0,1,0,0,0,1,0,0,0,0,1,0,0
47375.0,1,15.6,2073600.0,144,16,1024.0,3,1,0,73.15590725806452,4.0,1,0,0,0,0,1,0,0,0,0,1,0,0
47516.0,1,15.6,2073600.0,144,16,1024.0,3,1,0,73.15590725806452,4.0,1,0,0,0,0,1,0,0,0,0,1,0,0
31790.47,1,15.6,2073600.0,144,8,512.0,2,1,0,60.0,4.0,0,1,0,1,0,0,1,0,0,0,0,0,0
39999.0,1,15.6,2073600.0,144,16,500.0,1,2,0,54.0,4.0,0,1,0,0,0,1,0,0,0,1,0,0,0
29999.0,1,15.6,2073600.0,144,16,512.0,2,1,0,73.15590725806452,4.0,1,0,0,0,0,1,0,0,0,0,1,0,0
41359.0,1,15.6,2073600.0,144,16,512.0,3,1,0,73.15590725806452,4.0,1,0,0,0,0,1,0,0,0,0,1,0,0
41580.0,1,17.3,2073600.0,144,16,512.0,2,1,0,53.5,3.0,1,0,0,0,0,1,0,0,0,0,1,0,0
29999.0,1,15.6,2073600.0,144,8,512.0,3,1,0,60.0,4.0,1,0,0,0,0,1,0,0,0,1,0,0,0
48879.0,1,16.0,2304000.0,165,16,512.0,2,2,0,90.0,4.0,1,0,0,0,0,1,0,0,0,0,1,0,0
26977.0,0,15.6,2073600.0,165,40,2048.0,2,2,0,45.0,4.0,1,0,0,0,0,1,0,0,0,1,0,0,0
36999.0,1,15.6,2073600.0,144,8,512.0,2,1,0,70.0,4.0,0,1,0,0,0,1,0,0,0,1,0,0,0
33240.0,1,15.6,2073600.0,144,8,512.0,2,1,0,70.0,4.0,0,1,0,0,0,1,0,0,0,1,0,0,0
43685.79,1,17.3,2073600.0,144,16,512.0,2,1,0,90.0,3.0,1,0,0,0,0,1,0,0,0,0,1,0,0
90034.64,0,17.3,2073600.0,165,24,1024.0,2,3,0,94.0,4.0,0,1,0,0,0,1,0,0,0,0,1,0,0
48221.0,1,15.6,2073600.0,144,16,512.0,3,1,0,73.15590725806452,4.0,0,1,0,0,0,1,0,0,0,0,1,0,0
48390.0,1,15.6,2073600.0,144,16,512.0,3,1,0,73.15590725806452,4.0,0,1,0,0,0,1,0,0,0,0,1,0,0
32999.0,1,15.6,2073600.0,144,16,1024.0,3,1,0,61.0,4.0,1,0,0,0,0,1,0,0,0,0,1,0,0
42573.83,1,15.6,3686400.0,165,16,2048.0,4,2,0,60.0,4.0,1,0,0,0,0,1,0,0,0,0,1,0,0
81285.03,0,15.6,2073600.0,165,16,512.0,2,1,0,68.0,4.0,0,1,0,0,0,1,0,0,0,0,1,0,0
46999.0,1,15.6,2073600.0,144,16,512.0,3,1,0,73.15590725806452,4.0,0,1,0,0,0,1,0,0,0,0,1,0,0
28999.0,1,16.1,2073600.0,144,16,512.0,3,1,0,70.0,4.0,0,1,0,1,0,0,0,1,0,0,0,0,0
89876.34,0,17.3,2073600.0,165,24,1024.0,2,3,0,94.0,4.0,0,1,0,0,0,1,0,0,0,0,1,0,0
87299.04,0,14.5,5184000.0,120,16,1024.0,1,2,0,76.0,4.0,0,1,0,0,0,1,0,0,0,1,0,0,0
47159.0,1,15.6,2073600.0,144,16,512.0,3,1,0,73.15590725806452,4.0,0,1,0,0,0,1,0,0,0,0,1,0,0
72223.23,0,15.6,2073600.0,165,36,512.0,2,1,0,68.0,4.0,0,1,0,0,0,1,0,0,0,0,1,0,0
35298.0,1,15.6,2073600.0,144,16,512.0,3,1,0,51.0,3.0,1,0,0,0,0,1,0,0,0,0,1,0,0
42188.0,0,14.0,2073600.0,165,64,1024.0,3,1,0,51.0,3.0,1,0,0,0,0,1,0,0,0,0,1,0,0
89418.0,0,16.0,2304000.0,165,16,1024.0,2,3,0,83.0,6.0,0,1,0,0,0,1,0,0,0,0,1,0,0
75188.66,0,15.6,2073600.0,165,36,500.0,2,1,0,68.0,4.0,0,1,0,0,0,1,0,0,0,0,1,0,0
71834.93,0,15.6,2073600.0,165,36,512.0,2,1,0,68.0,4.0,0,1,0,0,0,1,0,0,0,0,1,0,0
31990.0,1,15.6,2073600.0,144,16,512.0,2,1,0,70.0,4.0,0,1,0,0,0,1,0,0,0,1,0,0,0
27999.0,1,16.1,2073600.0,144,16,512.0,3,1,0,70.0,4.0,1,0,0,1,0,0,0,1,0,0,0,0,0
42509.58,1,15.6,3686400.0,165,32,1024.0,4,2,0,60.0,4.0,1,0,0,0,0,1,0,0,0,0,1,0,0
46499.0,0,14.0,2073600.0,165,48,2048.0,2,2,0,57.0,4.0,0,1,0,0,0,1,0,0,0,0,1,0,0
75188.66,0,15.6,2073600.0,165,36,500.0,2,1,0,68.0,4.0,0,1,0,0,0,1,0,0,0,0,1,0,0
58668.36,0,14.0,2073600.0,165,48,2048.0,2,2,0,57.0,4.0,0,1,0,0,0,1,0,0,0,0,1,0,0
51999.0,0,14.0,2073600.0,165,48,2048.0,2,2,0,57.0,4.0,0,1,0,0,0,1,0,0,0,0,1,0,0
67668.99,0,15.6,2073600.0,165,64,1024.0,2,1,0,68.0,4.0,0,1,0,0,0,1,0,0,0,0,1,0,0
37692.9,1,17.3,2073600.0,144,16,1024.0,2,1,0,53.5,3.0,0,1,0,0,0,1,0,0,0,0,1,0,0
45596.25,1,17.3,2073600.0,144,16,1024.0,2,1,0,53.5,3.0,0,1,0,0,0,1,0,0,0,0,1,0,0
31069.0,1,15.6,2073600.0,144,16,1024.0,3,1,0,61.0,4.0,1,0,0,0,0,1,0,0,0,1,0,0,0
40749.0,0,14.0,2073600.0,165,32,2048.0,3,1,0,51.0,3.0,1,0,0,0,0,1,0,0,0,0,1,0,0
30145.0,1,15.6,2073600.0,144,16,500.0,2,1,0,62.32,4.0,1,0,0,0,0,1,0,0,0,1,0,0,0
57651.0,0,14.0,2073600.0,165,48,2048.0,2,2,0,50.0,4.0,0,1,0,0,0,1,0,0,0,0,1,0,0
31207.0,0,15.6,2073600.0,165,64,2048.0,2,1,0,41.0,3.0,0,1,0,0,0,1,0,0,0,1,0,0,0
56696.0,0,14.0,2073600.0,165,48,2048.0,2,2,0,50.0,4.0,0,1,0,0,0,1,0,0,0,0,1,0,0
57651.0,0,14.0,2073600.0,165,48,2048.0,2,2,0,50.0,4.0,0,1,0,0,0,1,0,0,0,0,1,0,0
30455.0,0,15.6,2073600.0,165,64,2048.0,2,1,0,41.0,3.0,0,1,0,0,0,1,0,0,0,1,0,0,0
56696.0,0,14.0,2073600.0,165,48,2048.0,2,2,0,50.0,4.0,0,1,0,0,0,1,0,0,0,0,1,0,0
42188.0,0,14.0,2073600.0,165,64,512.0,3,1,0,51.0,3.0,0,1,0,0,0,1,0,0,0,0,1,0,0
64999.0,1,17.3,2073600.0,144,16,512.0,2,1,0,53.5,3.0,0,1,0,0,0,1,0,0,0,0,1,0,0
37055.0,1,15.6,2073600.0,144,16,512.0,3,1,0,73.15590725806452,4.0,0,1,0,0,0,1,0,0,0,0,1,0,0
45001.27,1,15.6,3686400.0,165,32,512.0,4,2,0,60.0,4.0,0,1,0,0,0,1,0,0,0,0,1,0,0
72029.08,0,15.6,2073600.0,165,32,512.0,2,1,0,68.0,4.0,0,1,0,0,0,1,0,0,0,0,1,0,0
29499.0,1,15.6,2073600.0,144,8,512.0,2,2,0,90.0,4.0,1,0,0,1,0,0,0,1,0,0,0,0,0
36599.0,1,15.6,2073600.0,144,16,1024.0,2,1,0,52.0,3.0,0,1,0,0,0,1,0,0,0,0,1,0,0
74677.63,0,15.6,2073600.0,165,32,500.0,2,1,0,68.0,4.0,0,1,0,0,0,1,0,0,0,0,1,0,0
71640.79,0,15.6,2073600.0,165,32,512.0,2,1,0,68.0,4.0,0,1,0,0,0,1,0,0,0,0,1,0,0
74677.63,0,15.6,2073600.0,165,32,500.0,2,1,0,68.0,4.0,0,1,0,0,0,1,0,0,0,0,1,0,0
32999.0,1,15.6,2073600.0,144,16,500.0,3,1,0,61.0,4.0,0,1,0,0,0,1,0,0,0,1,0,0,0
148590.71,0,16.2,7720704.0,120,32,1024.0,0,3,0,100.0,4.0,0,0,1,0,1,0,0,0,1,0,0,0,0
176999.0,0,16.2,7720704.0,120,32,1024.0,0,3,0,100.0,4.0,0,0,1,0,1,0,0,0,1,0,0,0,0
125799.0,0,14.0,9216000.0,165,32,1024.0,2,2,0,57.0,4.0,0,1,0,0,0,1,0,0,0,0,1,0,0
59000.0,0,15.6,2073600.0,165,16,512.0,2,3,0,94.0,4.0,0,1,0,0,0,1,0,0,0,0,1,0,0
103633.29,0,15.6,2304000.0,60,16,1024.0,0,3,1,86.0,6.0,0,1,0,0,0,1,0,0,0,0,1,0,0
47499.0,0,14.0,5184000.0,90,16,512.0,1,1,0,63.0,3.0,0,1,0,1,0,0,1,0,0,0,0,0,0
39999.0,1,16.0,2304000.0,165,16,512.0,2,1,0,71.0,4.0,0,1,0,0,0,1,0,0,0,1,0,0,0
30599.0,1,15.6,2073600.0,144,16,500.0,3,1,0,61.0,4.0,1,0,0,0,0,1,0,0,0,1,0,0,0
115999.0,0,14.2,5939136.0,120,32,1024.0,0,3,0,70.0,4.0,0,0,1,0,1,0,0,0,1,0,0,0,0
105999.0,0,14.2,5939136.0,120,32,1024.0,0,3,0,70.0,4.0,0,0,1,0,1,0,0,0,1,0,0,0,0
110011.99,0,14.2,5939136.0,120,32,1024.0,0,3,0,70.0,4.0,0,0,1,0,1,0,0,0,1,0,0,0,0
34273.01,1,16.1,2073600.0,144,32,512.0,3,1,0,70.0,4.0,0,1,0,1,0,0,1,0,0,0,0,0,0
38899.0,1,17.3,2073600.0,144,8,500.0,3,1,0,62.32,4.0,1,0,0,0,0,1,0,0,0,0,1,0,0
73582.27,0,15.6,2073600.0,165,16,2048.0,2,1,0,68.0,4.0,0,1,0,0,0,1,0,0,0,0,1,0,0
33559.09,1,16.1,2073600.0,144,32,512.0,3,1,0,70.0,4.0,0,1,0,1,0,0,1,0,0,0,0,0,0
34150.0,1,15.6,2073600.0,144,16,1024.0,3,1,0,51.0,3.0,1,0,0,0,0,1,0,0,0,1,0,0,0
61200.0,1,17.3,2073600.0,144,16,512.0,2,1,0,53.5,3.0,1,0,0,0,0,1,0,0,0,0,1,0,0
44540.0,0,15.6,2073600.0,165,32,2048.0,2,2,0,57.0,4.0,0,1,0,0,0,1,0,0,0,0,1,0,0
73193.97,0,15.6,2073600.0,165,16,2048.0,2,1,0,68.0,4.0,0,1,0,0,0,1,0,0,0,0,1,0,0
27609.0,1,15.6,2073600.0,144,16,512.0,3,1,0,57.5,4.0,0,1,0,0,0,1,0,0,0,1,0,0,0
26499.0,1,16.1,2073600.0,144,16,512.0,3,1,0,70.0,4.0,1,0,0,1,0,0,1,0,0,0,0,0,0
41453.0,1,15.6,2073600.0,144,16,512.0,3,1,0,73.15590725806452,4.0,0,1,0,0,0,1,0,0,0,0,1,0,0
40325.0,1,15.6,2073600.0,144,16,512.0,3,1,0,73.15590725806452,4.0,0,1,0,0,0,1,0,0,0,0,1,0,0
35499.0,1,15.6,2073600.0,144,8,500.0,2,1,0,62.32,4.0,1,0,0,0,0,1,0,0,0,0,1,0,0
25999.0,1,16.1,2073600.0,144,16,512.0,3,1,0,70.0,4.0,1,0,0,1,0,0,1,0,0,0,0,0,0
45540.0,1,17.3,2073600.0,144,16,512.0,3,1,0,90.0,4.0,0,0,0,1,0,0,0,1,0,0,0,0,0
39658.47,1,15.6,2073600.0,165,16,1024.0,2,1,0,60.0,4.0,1,0,0,1,0,0,0,1,0,0,0,0,0
35605.79,1,16.1,2073600.0,144,16,2048.0,3,1,0,70.0,4.0,0,1,0,1,0,0,1,0,0,0,0,0,0
69699.3,0,15.6,2073600.0,165,16,512.0,2,1,0,68.0,4.0,0,1,0,0,0,1,0,0,0,0,1,0,0
67258.69,0,15.6,2073600.0,165,16,512.0,1,2,0,83.0,6.0,0,1,0,0,0,1,0,0,0,0,1,0,0
41229.0,0,14.0,2073600.0,165,64,256.0,3,1,0,51.0,3.0,0,1,0,0,0,1,0,0,0,0,1,0,0
48999.0,0,14.0,2073600.0,165,32,1024.0,2,2,0,50.0,4.0,0,1,0,0,0,1,0,0,0,0,1,0,0
45281.19,1,15.6,2073600.0,144,16,512.0,2,2,0,90.0,4.0,1,0,0,1,0,0,0,1,0,0,0,0,0
32477.0,1,15.6,2073600.0,144,16,512.0,2,1,0,70.0,4.0,1,0,0,0,0,1,0,0,0,1,0,0,0
59999.0,1,14.0,3686400.0,60,16,512.0,2,2,0,76.0,4.0,0,1,0,1,0,0,0,0,0,0,0,0,0
27999.0,1,15.6,2073600.0,144,8,512.0,2,1,0,70.0,4.0,1,0,0,0,0,1,0,0,0,1,0,0,0
89857.34,0,17.3,2073600.0,165,20,1024.0,2,3,0,94.0,4.0,0,1,0,0,0,1,0,0,0,0,1,0,0
38999.0,0,14.2,4233600.0,90,16,1024.0,1,2,0,60.0,4.0,0,1,0,0,0,1,0,0,0,0,1,0,0
45777.0,1,15.6,2073600.0,144,16,512.0,3,1,0,73.15590725806452,4.0,1,0,0,0,0,1,0,0,0,0,1,0,0
89857.34,0,17.3,2073600.0,165,20,1024.0,2,3,0,94.0,4.0,0,1,0,0,0,1,0,0,0,0,1,0,0
45927.0,1,15.6,2073600.0,144,16,512.0,3,1,0,73.15590725806452,4.0,1,0,0,0,0,1,0,0,0,0,1,0,0
40588.93,1,15.6,2073600.0,120,64,1024.0,2,1,0,45.0,4.0,0,1,0,0,0,1,0,0,0,0,1,0,0
26988.26,1,15.6,2073600.0,144,16,1024.0,2,1,0,41.0,4.0,1,0,0,0,0,1,0,0,0,0,1,0,0
46427.47,0,15.6,2073600.0,165,24,2048.0,2,2,0,57.0,4.0,0,1,0,0,0,1,0,0,0,0,1,0,0
34999.0,1,15.6,2073600.0,165,8,512.0,3,1,0,57.5,4.0,0,0,0,0,0,1,0,0,0,0,1,0,0
72029.08,0,15.6,2073600.0,165,24,1024.0,2,1,0,68.0,4.0,0,1,0,0,0,1,0,0,0,0,1,0,0
54228.08,0,14.0,2073600.0,165,48,2048.0,2,2,0,57.0,4.0,1,0,0,0,0,1,0,0,0,0,1,0,0
29863.97,0,15.6,2073600.0,165,40,1024.0,2,2,0,45.0,4.0,1,0,0,0,0,1,0,0,0,0,1,0,0
29999.0,1,15.6,2073600.0,144,8,512.0,3,1,0,60.0,4.0,0,1,0,0,0,1,0,0,0,1,0,0,0
71640.79,0,15.6,2073600.0,165,24,1024.0,2,1,0,68.0,4.0,0,1,0,0,0,1,0,0,0,0,1,0,0
42399.0,1,17.3,2073600.0,144,8,500.0,3,1,0,62.32,4.0,0,1,0,0,0,1,0,0,0,0,1,0,0
30999.0,1,15.6,2073600.0,144,16,512.0,2,1,0,70.0,4.0,1,0,0,1,0,0,0,1,0,0,0,0,0
79750.0,0,15.6,2073600.0,60,16,256.0,2,2,0,95.0,4.0,0,1,0,0,0,1,0,0,0,0,1,0,0
25620.84,0,15.6,2073600.0,165,40,1024.0,2,2,0,45.0,4.0,1,0,0,0,0,1,0,0,0,1,0,0,0
52405.0,0,14.0,2073600.0,165,48,2048.0,2,2,0,50.0,4.0,1,0,0,0,0,1,0,0,0,0,1,0,0
89325.43,0,17.3,2073600.0,165,24,512.0,2,3,0,94.0,4.0,0,1,0,0,0,1,0,0,0,0,1,0,0
29609.0,0,15.6,2073600.0,165,64,2048.0,2,1,0,41.0,3.0,1,0,0,0,0,1,0,0,0,1,0,0,0
54190.55,0,15.6,2073600.0,165,32,1024.0,2,2,0,58.0,4.0,0,1,0,0,0,1,0,0,0,0,1,0,0
89344.32,0,17.3,2073600.0,165,24,512.0,2,3,0,94.0,4.0,0,1,0,0,0,1,0,0,0,0,1,0,0
89325.43,0,17.3,2073600.0,165,24,500.0,2,3,0,94.0,4.0,0,1,0,0,0,1,0,0,0,0,1,0,0
34299.0,1,17.3,2073600.0,144,16,512.0,2,1,0,41.0,4.0,0,1,0,0,0,1,0,0,0,0,1,0,0
31299.0,1,15.6,2073600.0,144,16,500.0,3,1,0,61.0,4.0,1,0,0,0,0,1,0,0,0,0,1,0,0
63499.0,1,17.3,2073600.0,144,16,512.0,2,1,0,53.5,3.0,1,0,0,0,0,1,0,0,0,0,1,0,0
41229.0,0,14.0,2073600.0,165,64,512.0,3,1,0,51.0,3.0,1,0,0,0,0,1,0,0,0,0,1,0,0
91063.1,0,16.0,2304000.0,165,16,512.0,2,3,0,83.0,6.0,0,1,0,0,0,1,0,0,0,0,1,0,0
89325.43,0,17.3,2073600.0,165,24,500.0,2,3,0,94.0,4.0,0,1,0,0,0,1,0,0,0,0,1,0,0
37986.0,1,15.6,2073600.0,144,16,512.0,3,1,0,73.15590725806452,4.0,1,0,0,0,0,1,0,0,0,0,1,0,0
42499.0,1,17.3,2073600.0,144,16,1024.0,2,1,0,53.5,3.0,1,0,0,0,0,1,0,0,0,0,1,0,0
30173.0,0,14.0,2073600.0,165,64,2048.0,2,1,0,41.0,3.0,0,1,0,1,0,0,0,1,0,0,0,0,0
41887.04,1,15.6,2073600.0,144,16,512.0,3,1,0,59.0,4.0,1,0,0,0,0,1,0,0,0,0,1,0,0
32999.0,1,15.6,2073600.0,144,16,1024.0,3,1,0,59.0,4.0,1,0,0,1,0,0,0,1,0,0,0,0,0
29327.0,0,14.0,2073600.0,165,64,2048.0,2,1,0,41.0,3.0,0,1,0,1,0,0,0,1,0,0,0,0,0
36095.0,0,15.6,2073600.0,165,40,1024.0,2,2,0,45.0,4.0,0,1,0,0,0,1,0,0,0,0,1,0,0
31599.0,1,15.6,2073600.0,144,16,500.0,2,1,0,41.0,4.0,0,1,0,0,0,1,0,0,0,0,1,0,0
30699.0,1,15.6,2073600.0,144,16,512.0,2,1,0,41.0,4.0,0,1,0,0,0,1,0,0,0,0,1,0,0
35155.0,0,15.6,2073600.0,165,40,1024.0,2,2,0,45.0,4.0,0,1,0,0,0,1,0,0,0,0,1,0,0
38999.0,1,15.6,2073600.0,144,16,512.0,2,1,0,53.5,3.0,1,0,0,0,0,1,0,0,0,0,1,0,0
28799.0,1,15.6,2073600.0,144,16,500.0,2,1,0,41.0,4.0,1,0,0,0,0,1,0,0,0,0,1,0,0
27599.0,1,15.6,2073600.0,144,16,1024.0,2,1,0,52.0,3.0,1,0,0,0,0,1,0,0,0,0,1,0,0
34534.21,1,15.6,2073600.0,165,16,512.0,2,1,0,60.0,4.0,1,0,0,1,0,0,0,1,0,0,0,0,0
35907.0,1,15.6,2073600.0,144,16,1024.0,3,1,0,73.15590725806452,4.0,0,1,0,0,0,1,0,0,0,1,0,0,0
34873.0,1,15.6,2073600.0,144,16,1024.0,3,1,0,73.15590725806452,4.0,0,1,0,0,0,1,0,0,0,1,0,0,0
58075.75,0,14.0,2073600.0,165,32,2048.0,2,2,0,57.0,4.0,0,1,0,0,0,1,0,0,0,0,1,0,0
26999.0,1,15.6,2073600.0,144,8,1024.0,3,1,0,57.0,4.0,1,0,0,0,0,1,0,0,0,1,0,0,0
57088.06,0,14.0,2073600.0,165,32,2048.0,2,2,0,57.0,4.0,0,1,0,0,0,1,0,0,0,0,1,0,0
28699.0,1,15.6,2073600.0,144,16,500.0,3,1,0,61.0,4.0,1,0,0,0,0,1,0,0,0,1,0,0,0
58075.75,0,14.0,2073600.0,165,32,2048.0,2,2,0,57.0,4.0,0,1,0,0,0,1,0,0,0,0,1,0,0
29999.9,1,16.1,2073600.0,144,8,512.0,3,1,0,70.0,4.0,1,0,0,0,0,1,0,0,0,1,0,0,0
29809.0,1,15.6,2073600.0,120,16,512.0,2,1,0,60.0,4.0,1,0,0,1,0,0,0,1,0,0,0,0,0
49995.0,0,14.5,5184000.0,120,16,512.0,1,2,0,70.0,3.0,0,1,0,0,0,1,0,0,0,1,0,0,0
28605.79,0,14.0,5184000.0,90,16,512.0,2,2,0,56.5,4.0,0,1,0,1,0,0,0,1,0,0,0,0,0
40419.0,0,15.6,2073600.0,165,64,2048.0,3,1,0,51.0,3.0,0,1,0,0,0,1,0,0,0,0,1,0,0
33999.0,0,15.6,2073600.0,165,24,2048.0,2,2,0,45.0,4.0,0,1,0,0,0,1,0,0,0,0,1,0,0
44389.04,1,15.6,2073600.0,165,16,1024.0,2,1,0,60.0,4.0,1,0,0,1,0,0,1,0,0,0,0,0,0
70153.68,0,15.6,2073600.0,60,16,1024.0,2,2,0,82.0,4.0,0,1,0,0,0,1,0,0,0,0,1,0,0
26999.0,1,16.1,2073600.0,144,8,512.0,3,1,0,70.0,4.0,1,0,0,1,0,0,0,1,0,0,0,0,0
99999.0,0,15.6,2073600.0,165,16,1024.0,1,1,0,73.15590725806452,4.0,0,1,0,0,0,1,0,0,0,0,1,0,0
33999.0,0,15.6,2073600.0,165,24,2048.0,2,2,0,45.0,4.0,0,1,0,0,0,1,0,0,0,0,1,0,0
65818.99,0,15.6,2073600.0,165,32,1024.0,2,1,0,68.0,4.0,0,1,0,0,0,1,0,0,0,0,1,0,0
56123.0,0,14.0,2073600.0,165,32,2048.0,2,2,0,50.0,4.0,0,1,0,0,0,1,0,0,0,0,1,0,0
26999.0,1,15.6,2073600.0,144,16,512.0,2,1,0,52.5,3.0,0,1,0,1,0,0,1,0,0,0,0,0,0
53445.4,0,15.6,2073600.0,165,16,512.0,2,2,0,64.0,4.0,0,0,0,0,0,1,0,0,0,1,0,0,0
55169.0,0,14.0,2073600.0,165,32,2048.0,2,2,0,50.0,4.0,0,1,0,0,0,1,0,0,0,0,1,0,0
33199.0,1,15.6,2073600.0,144,16,512.0,1,2,0,54.0,4.0,1,0,0,0,0,1,0,0,0,1,0,0,0
56886.16,0,14.0,2073600.0,165,32,2048.0,2,2,0,50.0,4.0,0,1,0,0,0,1,0,0,0,0,1,0,0
55918.71,0,14.0,2073600.0,165,32,2048.0,2,2,0,50.0,4.0,0,1,0,0,0,1,0,0,0,0,1,0,0
41500.0,0,15.6,2073600.0,165,32,2048.0,2,2,0,57.0,4.0,1,0,0,0,0,1,0,0,0,0,1,0,0
37799.0,1,15.6,2073600.0,144,8,512.0,2,1,0,62.32,4.0,0,1,0,0,0,1,0,0,0,0,1,0,0
33499.0,1,15.6,2073600.0,144,16,512.0,3,1,0,73.15590725806452,4.0,0,0,0,0,0,1,0,0,0,0,1,0,0
31399.0,1,15.6,2073600.0,144,16,500.0,2,1,0,52.0,3.0,0,1,0,0,0,1,0,0,0,0,1,0,0
89999.0,0,14.2,5939136.0,120,18,1024.0,0,3,0,72.4,4.0,0,0,1,0,1,0,0,0,0,0,0,0,0
89999.0,0,14.2,5939136.0,120,18,1024.0,0,3,0,72.4,4.0,0,0,1,0,1,0,0,0,0,0,0,0,0
40270.0,0,14.0,2073600.0,165,32,1024.0,3,1,0,51.0,3.0,0,1,0,0,0,1,0,0,0,0,1,0,0
31749.0,1,15.6,2073600.0,144,16,512.0,3,1,0,51.0,3.0,1,0,0,0,0,1,0,0,0,0,1,0,0
30199.0,1,15.6,2073600.0,144,16,1024.0,2,1,0,52.0,3.0,1,0,0,0,0,1,0,0,0,0,1,0,0
29999.0,1,15.6,2073600.0,144,16,512.0,2,1,0,70.0,4.0,0,1,0,0,0,1,0,0,0,1,0,0,0
29387.31,1,15.6,2073600.0,120,16,512.0,3,1,0,56.0,3.0,0,0,0,0,0,1,0,0,0,1,0,0,0
36999.0,1,15.6,3686400.0,165,16,512.0,4,2,0,60.0,4.0,1,0,0,0,0,1,0,0,0,0,1,0,0
35263.28,1,15.6,2073600.0,144,8,512.0,3,1,0,73.15590725806452,4.0,1,0,0,0,0,1,0,0,0,0,1,0,0
29473.45,1,15.6,2073600.0,120,16,512.0,2,1,0,45.0,4.0,1,0,0,0,0,1,0,0,0,1,0,0,0
31362.5,1,15.6,2073600.0,165,16,512.0,3,2,0,60.0,4.0,1,0,0,1,0,0,1,0,0,0,0,0,0
34848.22,1,16.1,2073600.0,144,16,2048.0,3,1,0,70.0,4.0,1,0,0,1,0,0,1,0,0,0,0,0,0
37432.51,1,17.3,2073600.0,144,32,1024.0,1,1,0,73.15590725806452,4.0,1,0,0,1,0,0,1,0,0,0,0,0,0
34781.74,0,15.6,2073600.0,165,32,2048.0,1,1,0,45.0,3.0,0,1,0,0,0,1,0,0,0,0,1,0,0
35816.0,0,15.6,2073600.0,165,32,2048.0,1,1,0,45.0,3.0,0,1,0,0,0,1,0,0,0,0,1,0,0
34564.52,0,15.6,2073600.0,165,32,2048.0,1,1,0,45.0,3.0,0,1,0,0,0,1,0,0,0,0,1,0,0
47900.0,0,16.0,2304000.0,165,16,512.0,2,2,0,76.0,6.0,0,1,0,0,0,1,0,0,0,0,1,0,0
34202.48,0,15.6,2073600.0,165,32,2048.0,1,1,0,45.0,3.0,0,1,0,0,0,1,0,0,0,0,1,0,0
40270.0,0,14.0,2073600.0,165,64,256.0,3,1,0,51.0,3.0,1,0,0,0,0,1,0,0,0,0,1,0,0
54099.0,0,16.0,2304000.0,165,16,512.0,2,2,0,76.0,6.0,0,1,0,0,0,1,0,0,0,0,1,0,0
89325.43,0,17.3,2073600.0,165,16,1024.0,2,3,0,94.0,4.0,0,1,0,0,0,1,0,0,0,0,1,0,0
43999.0,0,16.0,4233600.0,165,16,1024.0,2,2,0,84.0,4.0,0,1,0,0,0,1,0,0,0,0,0,1,0
36519.55,0,14.0,2073600.0,165,32,2048.0,1,1,0,45.0,4.0,0,1,0,0,0,1,0,0,0,0,1,0,0
31999.0,1,15.6,2073600.0,165,16,512.0,2,1,0,45.0,4.0,1,0,0,1,0,0,1,0,0,0,0,0,0
89148.13,0,17.3,2073600.0,165,16,1024.0,2,3,0,94.0,4.0,0,1,0,0,0,1,0,0,0,0,1,0,0
36338.53,0,14.0,2073600.0,165,32,2048.0,1,1,0,45.0,4.0,0,1,0,0,0,1,0,0,0,0,1,0,0
36360.16,1,15.6,2073600.0,144,32,1024.0,1,1,0,73.15590725806452,4.0,1,0,0,1,0,0,1,0,0,0,0,0,0
26999.0,1,15.6,2073600.0,120,16,512.0,2,1,0,45.0,4.0,1,0,0,1,0,0,1,0,0,0,0,0,0
28999.0,1,15.6,2073600.0,144,8,512.0,2,1,0,70.0,4.0,0,1,0,0,0,1,0,0,0,1,0,0,0
28499.25,1,15.6,2073600.0,120,16,512.0,2,1,0,60.0,4.0,0,1,0,0,0,1,0,0,0,1,0,0,0
71446.64,0,15.6,2073600.0,165,20,1024.0,2,1,0,68.0,4.0,0,1,0,0,0,1,0,0,0,0,1,0,0
30169.0,1,15.6,2073600.0,144,16,1024.0,2,1,0,52.0,3.0,0,1,0,0,0,1,0,0,0,1,0,0,0
49500.0,1,15.6,2073600.0,144,16,512.0,3,1,0,51.0,3.0,1,0,0,0,0,1,0,0,0,0,1,0,0
63967.37,0,15.6,2073600.0,165,16,2048.0,1,2,1,83.0,6.0,0,1,0,0,0,1,0,0,0,0,1,0,0
71058.34,0,15.6,2073600.0,165,20,1024.0,2,1,0,68.0,4.0,0,1,0,0,0,1,0,0,0,0,1,0,0
38539.0,0,14.0,2073600.0,165,64,2048.0,3,1,0,51.0,3.0,0,1,0,0,0,1,0,0,0,1,0,0,0
89148.13,0,17.3,2073600.0,165,20,512.0,2,3,0,94.0,4.0,0,1,0,0,0,1,0,0,0,0,1,0,0
37340.0,0,14.0,2073600.0,165,32,1024.0,1,1,0,45.0,4.0,0,1,0,0,0,1,0,0,0,1,0,0,0
23999.0,1,15.6,2073600.0,144,16,512.0,3,1,0,73.15590725806452,4.0,1,0,0,1,0,0,1,0,0,0,0,0,0
27899.0,1,17.3,2073600.0,144,16,500.0,2,1,0,41.0,4.0,1,0,0,0,0,1,0,0,0,0,1,0,0
89148.13,0,17.3,2073600.0,165,20,500.0,2,3,0,94.0,4.0,0,1,0,0,0,1,0,0,0,0,1,0,0
89148.13,0,17.3,2073600.0,165,20,512.0,2,3,0,94.0,4.0,0,1,0,0,0,1,0,0,0,0,1,0,0
27999.0,0,15.6,2073600.0,144,16,512.0,1,1,0,50.0,3.0,1,0,0,1,0,0,0,1,0,0,0,0,0
47999.0,0,14.0,2304000.0,60,16,512.0,1,2,0,71.0,4.0,0,1,0,0,0,1,0,0,0,0,1,0,0
89148.13,0,17.3,2073600.0,165,20,500.0,2,3,0,94.0,4.0,0,1,0,0,0,1,0,0,0,0,1,0,0
23279.98,0,15.6,2073600.0,165,32,2048.0,2,0,0,73.15590725806452,2.0,0,1,0,0,0,1,0,0,0,1,0,0,0
24811.23,0,15.6,2073600.0,165,40,2048.0,2,1,0,42.0,3.0,1,0,0,0,0,1,0,0,0,1,0,0,0
28575.0,0,14.0,2073600.0,165,64,2048.0,2,1,0,41.0,3.0,1,0,0,1,0,0,0,1,0,0,0,0,0
29999.0,1,15.6,2073600.0,144,8,512.0,2,1,0,53.5,3.0,1,0,0,1,0,0,1,0,0,0,0,0,0
27499.0,1,15.6,2073600.0,144,16,512.0,3,1,0,51.0,3.0,0,1,0,0,0,1,0,0,0,1,0,0,0
71252.49,0,15.6,2073600.0,165,24,512.0,2,1,0,68.0,4.0,0,1,0,0,0,1,0,0,0,0,1,0,0
29209.39,0,15.6,2073600.0,165,40,1024.0,2,2,0,45.0,4.0,1,0,0,0,0,1,0,0,0,0,1,0,0
63967.37,0,15.6,2073600.0,165,16,512.0,1,2,1,83.0,6.0,0,1,0,0,0,1,0,0,0,0,1,0,0
29999.0,1,15.6,2073600.0,144,8,512.0,3,1,0,57.0,4.0,1,0,0,0,0,1,0,0,0,0,1,0,0
25999.0,1,15.6,2073600.0,144,8,512.0,3,1,0,60.0,4.0,0,1,0,0,0,1,0,0,0,1,0,0,0
74336.95,0,15.6,2073600.0,165,24,500.0,2,1,0,68.0,4.0,0,1,0,0,0,1,0,0,0,0,1,0,0
70864.19,0,15.6,2073600.0,165,24,512.0,2,1,0,68.0,4.0,0,1,0,0,0,1,0,0,0,0,1,0,0
33839.0,0,14.0,2073600.0,165,64,1024.0,3,1,0,42.0,3.0,0,1,0,0,0,1,0,0,0,0,1,0,0
52999.0,1,17.3,2073600.0,144,16,512.0,2,1,0,53.5,3.0,1,0,0,0,0,1,0,0,0,0,1,0,0
36689.78,1,15.6,2073600.0,144,8,512.0,2,1,0,53.5,3.0,0,1,0,0,0,1,0,0,0,0,1,0,0
74336.95,0,15.6,2073600.0,165,24,500.0,2,1,0,68.0,4.0,0,1,0,0,0,1,0,0,0,0,1,0,0
44999.0,0,15.6,2073600.0,165,16,256.0,2,1,0,68.0,4.0,0,1,0,0,0,1,0,0,0,0,1,0,0
52716.51,0,14.0,2073600.0,165,32,2048.0,2,2,0,57.0,4.0,1,0,0,0,0,1,0,0,0,0,1,0,0
33499.0,0,16.0,2304000.0,165,16,1024.0,1,2,0,60.0,4.0,0,1,0,0,0,1,0,0,0,0,0,1,0
38351.0,0,15.6,2073600.0,165,64,2048.0,3,1,0,51.0,3.0,1,0,0,0,0,1,0,0,0,0,1,0,0
24499.0,1,15.6,2073600.0,144,16,512.0,2,1,0,52.5,3.0,1,0,0,1,0,0,1,0,0,0,0,0,0
23199.0,1,15.6,2073600.0,144,16,512.0,2,1,0,52.5,3.0,1,0,0,1,0,0,1,0,0,0,0,0,0
51636.69,0,14.0,2073600.0,165,32,2048.0,2,2,0,50.0,4.0,1,0,0,0,0,1,0,0,0,0,1,0,0
45599.0,0,14.0,5184000.0,90,16,1024.0,2,1,0,99.0,4.0,0,1,0,0,0,1,0,0,0,0,1,0,0
44999.0,0,16.0,2304000.0,165,16,1024.0,2,2,0,71.0,4.0,0,1,0,0,0,1,0,0,0,0,1,0,0
55112.7,0,14.0,2073600.0,165,48,1024.0,2,2,0,57.0,4.0,0,1,0,0,0,1,0,0,0,0,1,0,0
46616.81,0,15.6,2073600.0,165,24,2048.0,2,2,0,57.0,4.0,0,1,0,0,0,1,0,0,0,0,1,0,0
33999.0,0,15.6,2073600.0,165,40,512.0,2,2,0,45.0,4.0,0,1,0,0,0,1,0,0,0,0,1,0,0
54125.02,0,14.0,2073600.0,165,48,1024.0,2,2,0,57.0,4.0,0,1,0,0,0,1,0,0,0,0,1,0,0
45480.74,0,15.6,2073600.0,165,24,2048.0,2,2,0,57.0,4.0,0,1,0,0,0,1,0,0,0,0,1,0,0
33463.0,0,15.6,2073600.0,165,40,512.0,2,2,0,45.0,4.0,0,1,0,0,0,1,0,0,0,0,1,0,0
42599.0,1,15.6,2073600.0,144,8,500.0,2,1,0,62.32,4.0,1,0,0,0,0,1,0,0,0,0,1,0,0
32899.0,0,15.6,2073600.0,165,40,512.0,2,2,0,45.0,4.0,0,1,0,0,0,1,0,0,0,0,1,0,0
26999.0,1,15.6,2073600.0,144,8,512.0,3,1,0,57.5,4.0,0,1,0,0,0,1,0,0,0,1,0,0,0
34591.0,1,15.6,2073600.0,144,16,512.0,3,1,0,73.15590725806452,4.0,0,1,0,0,0,1,0,0,0,1,0,0,0
38999.0,0,16.0,4233600.0,165,16,1024.0,2,2,0,84.0,4.0,0,1,0,0,0,1,0,0,0,0,0,1,0
28199.0,1,15.6,2073600.0,144,16,500.0,2,1,0,52.0,3.0,1,0,0,0,0,1,0,0,0,0,1,0,0
33557.0,1,15.6,2073600.0,144,16,512.0,3,1,0,73.15590725806452,4.0,0,1,0,0,0,1,0,0,0,1,0,0,0
87329.53,0,17.3,2073600.0,165,16,512.0,3,3,0,94.0,4.0,0,1,0,0,0,1,0,0,0,0,1,0,0
40999.99,0,15.6,2073600.0,165,64,2048.0,3,1,0,51.0,3.0,0,1,0,0,0,1,0,0,0,0,1,0,0
39311.0,0,14.0,2073600.0,165,32,1024.0,3,1,0,51.0,3.0,1,0,0,0,0,1,0,0,0,0,1,0,0
53260.0,0,14.0,2073600.0,165,48,1024.0,2,2,0,50.0,4.0,0,1,0,0,0,1,0,0,0,0,1,0,0
36389.0,1,16.1,2073600.0,144,16,1024.0,3,1,0,70.0,4.0,1,0,0,1,0,0,0,1,0,0,0,0,0
29139.0,0,15.6,2073600.0,165,64,1024.0,2,1,0,41.0,3.0,0,1,0,0,0,1,0,0,0,1,0,0,0
26319.0,0,15.6,2073600.0,165,40,512.0,2,2,0,45.0,4.0,0,1,0,0,0,1,0,0,0,1,0,0,0
52305.0,0,14.0,2073600.0,165,48,1024.0,2,2,0,50.0,4.0,0,1,0,0,0,1,0,0,0,0,1,0,0
53260.0,0,14.0,2073600.0,165,48,1024.0,2,2,0,50.0,4.0,0,1,0,0,0,1,0,0,0,0,1,0,0
26204.14,0,15.6,2073600.0,165,64,1024.0,2,1,0,41.0,3.0,0,1,0,0,0,1,0,0,0,1,0,0,0
68594.0,1,17.3,2073600.0,144,16,1024.0,2,1,0,53.5,3.0,1,0,0,0,0,1,0,0,0,1,0,0,0
23999.0,1,16.1,2073600.0,144,8,512.0,3,1,0,70.0,4.0,1,0,0,1,0,0,1,0,0,0,0,0,0
23999.0,1,16.1,2073600.0,144,8,512.0,3,1,0,70.0,4.0,1,0,0,1,0,0,1,0,0,0,0,0,0
52305.0,0,14.0,2073600.0,165,48,1024.0,2,2,0,50.0,4.0,0,1,0,0,0,1,0,0,0,0,1,0,0
28899.0,1,15.6,2073600.0,165,16,512.0,2,1,0,60.0,4.0,1,0,0,1,0,0,1,0,0,0,0,0,0
46487.0,1,16.0,2304000.0,144,16,512.0,2,2,0,90.0,4.0,0,1,0,0,0,1,0,0,0,0,1,0,0
43999.0,0,15.6,2073600.0,165,32,512.0,2,2,0,57.0,4.0,0,1,0,0,0,1,0,0,0,0,1,0,0
35999.0,1,15.6,2073600.0,144,8,512.0,2,1,0,73.15590725806452,4.0,0,1,0,0,0,1,0,0,0,0,1,0,0
36565.0,0,15.6,2073600.0,165,64,2048.0,3,1,0,51.0,3.0,0,1,0,0,0,1,0,0,0,1,0,0,0
39999.0,0,14.0,2304000.0,60,16,512.0,2,2,0,56.0,4.0,0,1,0,0,0,1,0,0,0,0,1,0,0
29499.0,1,15.6,2073600.0,144,16,512.0,2,1,0,70.0,4.0,1,0,0,0,0,1,0,0,0,1,0,0,0
29399.0,1,15.6,2073600.0,144,8,1024.0,3,1,0,57.5,4.0,0,0,0,0,0,1,0,0,0,1,0,0,0
32424.0,0,15.6,2073600.0,165,32,2048.0,1,1,0,45.0,3.0,1,0,0,0,0,1,0,0,0,0,1,0,0
99999.0,0,16.0,5898240.0,165,16,1024.0,0,4,1,100.0,4.0,0,0,1,0,0,1,0,0,0,0,0,1,0
59999.0,0,16.0,5898240.0,165,16,1024.0,0,4,1,100.0,4.0,0,0,1,0,0,1,0,0,0,0,0,1,0
28105.0,0,15.6,2073600.0,165,32,2048.0,2,1,0,41.0,3.0,0,1,0,0,0,1,0,0,0,1,0,0,0
87999.0,0,16.2,7720704.0,120,18,512.0,0,3,0,100.0,4.0,0,0,1,0,1,0,0,0,0,0,0,0,0
93899.0,0,16.2,7720704.0,120,18,512.0,0,3,0,100.0,4.0,0,0,1,0,1,0,0,0,0,0,0,0,0
27353.0,0,15.6,2073600.0,165,32,2048.0,2,1,0,41.0,3.0,0,1,0,0,0,1,0,0,0,1,0,0,0
26899.0,1,16.0,2304000.0,165,8,512.0,2,1,0,71.0,4.0,0,1,0,1,0,0,1,0,0,0,0,0,0
32844.99,0,15.6,2073600.0,165,64,2048.0,3,1,0,51.0,3.0,1,0,0,1,0,0,1,0,0,0,0,0,0
27999.0,0,15.6,2073600.0,165,64,1024.0,2,0,0,41.0,3.0,0,1,0,0,0,1,0,0,0,1,0,0,0
26595.0,1,16.1,2073600.0,144,8,512.0,3,1,0,70.0,4.0,1,0,0,1,0,0,0,1,0,0,0,0,0
25999.0,1,15.6,2073600.0,120,8,512.0,2,1,0,45.0,4.0,0,1,0,1,0,0,1,0,0,0,0,0,0
30349.0,1,15.6,2073600.0,144,16,512.0,2,1,0,53.5,3.0,1,0,0,0,0,1,0,0,0,1,0,0,0
44723.36,0,15.6,2073600.0,165,16,2048.0,2,2,0,57.0,4.0,0,1,0,0,0,1,0,0,0,0,1,0,0
25999.0,1,15.6,2073600.0,144,8,512.0,2,1,0,70.0,4.0,1,0,0,0,0,1,0,0,0,1,0,0,0
45670.09,0,15.6,2073600.0,165,16,2048.0,2,2,0,57.0,4.0,0,1,0,0,0,1,0,0,0,0,1,0,0
26399.0,1,15.6,2073600.0,120,16,512.0,2,1,0,60.0,4.0,1,0,0,0,0,1,0,0,0,1,0,0,0
39518.96,1,15.6,2073600.0,144,16,512.0,3,1,0,56.0,4.0,1,0,0,1,0,0,0,1,0,0,0,0,0
44999.0,0,15.6,2073600.0,165,32,1024.0,2,2,0,57.0,4.0,0,1,0,0,0,1,0,0,0,0,1,0,0
70864.19,0,15.6,2073600.0,165,16,1024.0,2,1,0,68.0,4.0,0,1,0,0,0,1,0,0,0,0,1,0,0
42384.52,0,16.0,2304000.0,165,32,1024.0,2,2,0,51.0,3.0,0,1,0,0,0,1,0,0,0,0,1,0,0
24699.0,1,15.6,2073600.0,144,16,1024.0,2,1,0,52.0,3.0,1,0,0,0,0,1,0,0,0,1,0,0,0
44155.33,0,15.6,2073600.0,165,32,1024.0,2,2,0,57.0,4.0,0,1,0,0,0,1,0,0,0,0,1,0,0
43688.43,0,15.6,2073600.0,165,16,1024.0,2,2,0,82.0,4.0,0,1,0,0,0,1,0,0,0,0,1,0,0
70475.9,0,15.6,2073600.0,165,16,1024.0,2,1,0,68.0,4.0,0,1,0,0,0,1,0,0,0,0,1,0,0
38999.0,1,15.6,2073600.0,120,16,512.0,2,1,0,45.0,4.0,1,0,0,1,0,0,0,1,0,0,0,0,0
36499.0,0,15.6,2073600.0,165,32,1024.0,1,1,0,45.0,3.0,0,1,0,0,0,1,0,0,0,0,1,0,0
35530.89,0,15.6,2073600.0,165,32,1024.0,1,1,0,45.0,3.0,0,1,0,0,0,1,0,0,0,0,1,0,0
40270.0,0,14.0,2073600.0,165,16,2048.0,3,1,0,51.0,3.0,0,1,0,0,0,1,0,0,0,0,1,0,0
25999.0,1,15.6,2073600.0,120,16,512.0,2,1,0,60.0,4.0,1,0,0,0,0,1,0,0,0,1,0,0,0
22999.0,1,15.6,2073600.0,120,16,512.0,2,1,0,45.0,4.0,1,0,0,0,0,1,0,0,0,1,0,0,0
68203.0,0,14.0,2073600.0,165,32,1024.0,1,1,0,45.0,4.0,1,0,0,0,0,1,0,0,0,1,0,0,0
26999.0,1,15.6,2073600.0,144,16,500.0,2,1,0,41.0,4.0,1,0,0,0,0,1,0,0,0,0,1,0,0
59761.67,0,14.0,2304000.0,165,48,2048.0,2,2,0,52.5,4.0,0,1,0,0,0,1,0,0,0,0,1,0,0
88616.21,0,17.3,2073600.0,165,16,512.0,2,3,0,94.0,4.0,0,1,0,0,0,1,0,0,0,0,1,0,0
36659.0,0,14.0,2073600.0,165,64,2048.0,3,1,0,51.0,3.0,1,0,0,0,0,1,0,0,0,1,0,0,0
58663.11,0,14.0,2304000.0,165,48,2048.0,2,2,0,52.5,4.0,0,1,0,0,0,1,0,0,0,0,1,0,0
34389.0,1,16.1,2073600.0,144,16,1024.0,3,1,0,70.0,4.0,1,0,0,1,0,0,0,1,0,0,0,0,0
88616.21,0,17.3,2073600.0,165,16,500.0,2,3,0,94.0,4.0,0,1,0,0,0,1,0,0,0,0,1,0,0
44499.0,0,15.6,2073600.0,165,16,1024.0,2,2,0,55.0,4.0,0,1,0,0,0,1,0,0,0,0,1,0,0
88616.21,0,17.3,2073600.0,165,16,500.0,2,3,0,94.0,4.0,0,1,0,0,0,1,0,0,0,0,1,0,0
27999.0,0,15.6,2073600.0,144,16,512.0,1,1,0,50.0,3.0,1,0,0,1,0,0,0,1,0,0,0,0,0
34273.01,1,16.1,2073600.0,144,16,1024.0,3,1,0,70.0,4.0,0,1,0,1,0,0,1,0,0,0,0,0,0
49499.0,0,13.5,2457600.0,165,16,1024.0,1,2,1,66.0,4.0,0,1,0,0,0,1,0,0,0,0,1,0,0
46499.0,0,13.5,2457600.0,165,16,1024.0,1,2,1,66.0,4.0,0,1,0,0,0,1,0,0,0,0,1,0,0
28999.0,1,15.6,2073600.0,144,16,512.0,3,1,0,51.0,3.0,1,0,0,0,0,1,0,0,0,1,0,0,0
70670.04,0,15.6,2073600.0,165,20,512.0,2,1,0,68.0,4.0,0,1,0,0,0,1,0,0,0,0,1,0,0
30782.54,0,15.6,2073600.0,165,64,1024.0,2,1,0,45.6,3.0,0,1,0,0,0,1,0,0,0,0,1,0,0
73825.92,0,15.6,2073600.0,165,20,500.0,2,1,0,68.0,4.0,0,1,0,0,0,1,0,0,0,0,1,0,0
70281.75,0,15.6,2073600.0,165,20,512.0,2,1,0,68.0,4.0,0,1,0,0,0,1,0,0,0,0,1,0,0
30799.0,1,15.6,2073600.0,144,8,512.0,3,1,0,59.0,4.0,0,1,0,1,0,0,1,0,0,0,0,0,0
73825.92,0,15.6,2073600.0,165,20,500.0,2,1,0,68.0,4.0,0,1,0,0,0,1,0,0,0,0,1,0,0
27441.0,1,15.6,2073600.0,144,16,512.0,2,1,0,70.0,4.0,1,0,0,1,0,0,1,0,0,0,0,0,0
31917.38,0,16.0,4096000.0,165,16,1024.0,2,2,0,82.0,4.0,0,1,0,0,0,1,0,0,0,0,1,0,0
27694.54,0,15.6,2073600.0,165,64,1024.0,2,1,0,45.6,3.0,0,1,0,0,0,1,0,0,0,1,0,0,0
